campaign_id,date,platform,campaign_name,impressions,clicks,spend,conversions,ctr,cpc,conversion_rate
CMP-0000,2023-12-18,Google Ads,Summer_Promo,91660,0,673.74,80,0.0,0.0,0.0
CMP-0001,2023-01-12,Google Ads,Black_Friday,19338,3308,952.82,483,0.1711,0.288,0.146
CMP-0002,2023-12-04,Google Ads,Retargeting,53604,669,764.63,146,0.0125,1.1429,0.2182
CMP-0003,2023-11-23,Facebook,Retargeting,76636,1170,187.56,5,0.0153,0.1603,0.0043
CMP-0004,2023-03-05,Google Ads,Retargeting,33866,767,727.84,71,0.0226,0.9489,0.0926
CMP-0005,2023-03-29,Google Ads,Q1_Launch,74194,411,104.43,406,0.0055,0.2541,0.9878
CMP-0006,2023-03-17,LinkedIn,Q1_Launch,52573,4387,431.53,46,0.0834,0.0984,0.0105
CMP-0007,2023-02-10,LinkedIn,Summer_Promo,80697,889,648.92,410,0.011,0.7299,0.4612
CMP-0008,2023-05-13,LinkedIn,Q1_Launch,37063,1597,174.16,98,0.0431,0.1091,0.0614
CMP-0009,2023-03-05,Facebook,Q1_Launch,78500,2388,116.45,162,0.0304,0.0488,0.0678
CMP-0010,2023-09-03,LinkedIn,Q1_Launch,16406,1562,910.26,495,0.0952,0.5828,0.3169
CMP-0011,2023-11-13,Facebook,Q1_Launch,67707,3002,252.29,269,0.0443,0.084,0.0896
CMP-0012,2023-08-09,Google Ads,Summer_Promo,71029,4284,97.9,119,0.0603,0.0229,0.0278
CMP-0013,2023-07-12,LinkedIn,Black_Friday,86411,3187,105.88,336,0.0369,0.0332,0.1054
CMP-0014,2023-04-21,Facebook,Black_Friday,80502,3370,879.56,182,0.0419,0.261,0.054
CMP-0015,2023-01-06,Google Ads,Summer_Promo,9569,3661,309.55,131,0.3826,0.0846,0.0358
CMP-0016,2023-02-10,Google Ads,Black_Friday,95598,2411,306.69,173,0.0252,0.1272,0.0718
CMP-0017,2023-02-19,Facebook,Summer_Promo,60499,2504,418.1,238,0.0414,0.167,0.095
CMP-0018,2023-12-06,LinkedIn,Black_Friday,64724,4339,360.74,80,0.067,0.0831,0.0184
CMP-0019,2023-04-22,Email,Q1_Launch,87936,2945,192.04,264,0.0335,0.0652,0.0896
CMP-0020,2023-05-17,Facebook,Retargeting,9095,3660,600.45,422,0.4024,0.1641,0.1153
CMP-0021,2023-03-01,LinkedIn,Black_Friday,18929,4519,774.21,87,0.2387,0.1713,0.0193
CMP-0022,2023-02-14,Email,Q1_Launch,86151,215,127.23,56,0.0025,0.5918,0.2605
CMP-0023,2023-11-25,Facebook,Summer_Promo,26740,829,48.05,340,0.031,0.058,0.4101
CMP-0024,2023-09-07,Facebook,Summer_Promo,36760,3261,921.2,210,0.0887,0.2825,0.0644
CMP-0025,2023-10-03,Google Ads,Retargeting,15960,1082,802.87,157,0.0678,0.742,0.1451
CMP-0026,2023-05-07,Google Ads,Black_Friday,3123,4254,412.33,404,1.3622,0.0969,0.095
CMP-0027,2023-03-18,Google Ads,Retargeting,5377,1296,373.45,485,0.241,0.2882,0.3742
CMP-0028,2023-08-12,Google Ads,Black_Friday,1085,1252,916.38,417,1.1539,0.7319,0.3331
CMP-0029,2023-04-18,LinkedIn,Q1_Launch,7805,1415,547.62,484,0.1813,0.387,0.342
CMP-0030,2023-12-10,Google Ads,Retargeting,63925,2567,999.75,297,0.0402,0.3895,0.1157
CMP-0031,2023-04-16,Email,Summer_Promo,38444,4165,242.51,146,0.1083,0.0582,0.0351
CMP-0032,2023-08-28,Email,Black_Friday,94843,563,630.31,490,0.0059,1.1196,0.8703
CMP-0033,2023-09-22,LinkedIn,Q1_Launch,16863,2782,146.66,211,0.165,0.0527,0.0758
CMP-0034,2023-03-04,Google Ads,Retargeting,47530,3268,517.97,19,0.0688,0.1585,0.0058
CMP-0035,2023-06-14,Google Ads,Summer_Promo,62766,3294,52.69,468,0.0525,0.016,0.1421
CMP-0036,2023-04-10,Facebook,Q1_Launch,99505,4032,752.93,326,0.0405,0.1867,0.0809
CMP-0037,2023-10-12,Google Ads,Q1_Launch,1433,2252,489.41,9,1.5715,0.2173,0.004
CMP-0038,2023-11-16,LinkedIn,Retargeting,71555,4312,280.38,334,0.0603,0.065,0.0775
CMP-0039,2023-01-08,Google Ads,Summer_Promo,88210,3985,163.17,345,0.0452,0.0409,0.0866
CMP-0040,2023-04-14,LinkedIn,Retargeting,92681,4953,879.78,412,0.0534,0.1776,0.0832
CMP-0041,2023-10-22,Email,Black_Friday,31557,396,831.74,422,0.0125,2.1004,1.0657
CMP-0042,2023-08-27,Google Ads,Summer_Promo,13537,228,428.34,185,0.0168,1.8787,0.8114
CMP-0043,2023-11-26,Facebook,Black_Friday,94735,2797,814.01,452,0.0295,0.291,0.1616
CMP-0044,2023-11-24,Email,Black_Friday,62120,4375,869.71,413,0.0704,0.1988,0.0944
CMP-0045,2023-04-14,LinkedIn,Black_Friday,74193,1876,119.35,31,0.0253,0.0636,0.0165
CMP-0046,2023-10-28,LinkedIn,Retargeting,82522,2453,962.35,403,0.0297,0.3923,0.1643
CMP-0047,2023-01-01,LinkedIn,Black_Friday,2405,4670,182.89,438,1.9418,0.0392,0.0938
CMP-0048,2023-04-27,LinkedIn,Q1_Launch,14677,3028,90.16,438,0.2063,0.0298,0.1446
CMP-0049,2023-12-29,LinkedIn,Q1_Launch,25634,3390,920.73,370,0.1322,0.2716,0.1091
CMP-0050,2023-05-21,LinkedIn,Retargeting,85369,1744,275.69,168,0.0204,0.1581,0.0963
CMP-0051,2023-10-01,Facebook,Summer_Promo,66663,1012,681.13,480,0.0152,0.6731,0.4743
CMP-0052,2023-09-06,Facebook,Q1_Launch,66851,4829,628.66,329,0.0722,0.1302,0.0681
CMP-0053,2023-07-23,Google Ads,Q1_Launch,42927,2499,175.78,248,0.0582,0.0703,0.0992
CMP-0054,2023-12-20,LinkedIn,Retargeting,80851,1499,187.37,167,0.0185,0.125,0.1114
CMP-0055,2023-06-02,Google Ads,Retargeting,96873,4736,512.09,323,0.0489,0.1081,0.0682
CMP-0056,2023-06-14,LinkedIn,Summer_Promo,51671,480,807.28,65,0.0093,1.6818,0.1354
CMP-0057,2023-07-11,Facebook,Summer_Promo,6402,94,502.71,395,0.0147,5.348,4.2021
CMP-0058,2023-10-03,Email,Black_Friday,39309,2769,776.68,473,0.0704,0.2805,0.1708
CMP-0059,2023-01-31,LinkedIn,Q1_Launch,81802,97,729.06,44,0.0012,7.5161,0.4536
CMP-0060,2023-01-11,LinkedIn,Summer_Promo,22507,1068,683.42,222,0.0475,0.6399,0.2079
CMP-0061,2023-04-14,Email,Black_Friday,25909,885,128.05,53,0.0342,0.1447,0.0599
CMP-0062,2023-10-04,Google Ads,Q1_Launch,47208,1103,873.81,51,0.0234,0.7922,0.0462
CMP-0063,2023-09-22,Facebook,Summer_Promo,86182,3617,108.78,120,0.042,0.0301,0.0332
CMP-0064,2023-12-09,Facebook,Retargeting,70277,3592,125.39,317,0.0511,0.0349,0.0883
CMP-0065,2023-10-10,Google Ads,Summer_Promo,93975,3231,915.13,380,0.0344,0.2832,0.1176
CMP-0066,2023-12-10,LinkedIn,Summer_Promo,18790,1777,231.0,113,0.0946,0.13,0.0636
CMP-0067,2023-06-24,Facebook,Retargeting,49884,4064,773.35,110,0.0815,0.1903,0.0271
CMP-0068,2023-02-17,Email,Retargeting,10689,4076,199.81,280,0.3813,0.049,0.0687
CMP-0069,2023-08-18,Email,Black_Friday,41721,284,628.05,40,0.0068,2.2114,0.1408
CMP-0070,2023-08-03,LinkedIn,Retargeting,66071,4440,116.78,354,0.0672,0.0263,0.0797
CMP-0071,2023-05-18,Facebook,Retargeting,55263,369,762.08,154,0.0067,2.0653,0.4173
CMP-0072,2023-06-23,LinkedIn,Retargeting,17491,1274,467.41,159,0.0728,0.3669,0.1248
CMP-0073,2023-02-28,LinkedIn,Summer_Promo,71887,3099,678.63,167,0.0431,0.219,0.0539
CMP-0074,2023-08-28,Email,Retargeting,7175,2650,98.72,207,0.3693,0.0373,0.0781
CMP-0075,2023-04-03,LinkedIn,Summer_Promo,80651,0,509.43,475,0.0,0.0,0.0
CMP-0076,2023-04-24,Email,Black_Friday,17747,1854,368.58,391,0.1045,0.1988,0.2109
CMP-0077,2023-01-29,Google Ads,Retargeting,27835,2650,642.31,348,0.0952,0.2424,0.1313
CMP-0078,2023-01-04,Facebook,Black_Friday,17372,4444,307.15,65,0.2558,0.0691,0.0146
CMP-0079,2023-12-06,Email,Summer_Promo,6831,1837,448.27,482,0.2689,0.244,0.2624
CMP-0080,2023-12-07,Email,Q1_Launch,71600,2495,642.24,140,0.0348,0.2574,0.0561
CMP-0081,2023-10-31,Email,Summer_Promo,93186,912,250.55,449,0.0098,0.2747,0.4923
CMP-0082,2023-01-15,LinkedIn,Q1_Launch,76876,1595,843.96,352,0.0207,0.5291,0.2207
CMP-0083,2023-09-08,Email,Retargeting,10232,1034,696.85,385,0.1011,0.6739,0.3723
CMP-0084,2023-07-17,Google Ads,Retargeting,1512,2722,243.34,328,1.8003,0.0894,0.1205
CMP-0085,2023-07-17,Google Ads,Summer_Promo,62362,2336,77.21,94,0.0375,0.0331,0.0402
CMP-0086,2023-05-01,LinkedIn,Black_Friday,23152,301,677.22,466,0.013,2.2499,1.5482
CMP-0087,2023-09-20,Facebook,Retargeting,42601,4840,869.97,7,0.1136,0.1797,0.0014
CMP-0088,2023-04-14,LinkedIn,Retargeting,89961,3042,402.2,398,0.0338,0.1322,0.1308
CMP-0089,2023-08-18,LinkedIn,Summer_Promo,24722,2200,510.85,296,0.089,0.2322,0.1345
CMP-0090,2023-03-13,LinkedIn,Summer_Promo,77188,3107,970.32,50,0.0403,0.3123,0.0161
CMP-0091,2023-12-24,LinkedIn,Black_Friday,62288,1942,84.24,119,0.0312,0.0434,0.0613
CMP-0092,2023-09-02,Google Ads,Black_Friday,33035,2955,76.25,236,0.0895,0.0258,0.0799
CMP-0093,2023-06-13,LinkedIn,Q1_Launch,97366,4073,504.56,171,0.0418,0.1239,0.042
CMP-0094,2023-07-27,Facebook,Q1_Launch,82344,4128,818.62,313,0.0501,0.1983,0.0758
CMP-0095,2023-08-15,LinkedIn,Summer_Promo,75132,4842,774.59,28,0.0644,0.16,0.0058
CMP-0096,2023-12-05,Google Ads,Q1_Launch,13693,413,142.15,341,0.0302,0.3442,0.8257
CMP-0097,2023-02-16,Google Ads,Retargeting,2136,677,324.04,338,0.3169,0.4786,0.4993
CMP-0098,2023-05-12,LinkedIn,Retargeting,28947,4240,480.63,336,0.1465,0.1134,0.0792
CMP-0099,2023-02-16,Email,Black_Friday,87437,4365,876.53,386,0.0499,0.2008,0.0884
CMP-0100,2023-10-13,LinkedIn,Summer_Promo,56641,2718,777.04,182,0.048,0.2859,0.067
CMP-0101,2023-05-30,Email,Q1_Launch,97501,643,295.05,60,0.0066,0.4589,0.0933
CMP-0102,2023-01-22,Email,Q1_Launch,94984,257,787.48,238,0.0027,3.0641,0.9261
CMP-0103,2023-01-24,Email,Q1_Launch,13276,1248,605.61,431,0.094,0.4853,0.3454
CMP-0104,2023-08-24,Email,Black_Friday,48554,2036,877.76,58,0.0419,0.4311,0.0285
CMP-0105,2023-09-12,Facebook,Summer_Promo,1898,1463,142.63,331,0.7708,0.0975,0.2262
CMP-0106,2023-04-05,Facebook,Retargeting,45287,2884,308.0,263,0.0637,0.1068,0.0912
CMP-0107,2023-12-23,Email,Retargeting,52049,3412,28.72,81,0.0656,0.0084,0.0237
CMP-0108,2023-07-19,Email,Summer_Promo,54122,4079,795.42,377,0.0754,0.195,0.0924
CMP-0109,2023-10-04,Email,Black_Friday,19560,736,165.5,102,0.0376,0.2249,0.1386
CMP-0110,2023-01-28,Email,Summer_Promo,59970,754,840.87,207,0.0126,1.1152,0.2745
CMP-0111,2023-01-06,Facebook,Q1_Launch,86082,4645,747.95,250,0.054,0.161,0.0538
CMP-0112,2023-11-02,LinkedIn,Summer_Promo,39214,4165,437.44,313,0.1062,0.105,0.0752
CMP-0113,2023-08-06,Google Ads,Retargeting,26013,1689,391.84,331,0.0649,0.232,0.196
CMP-0114,2023-07-11,Google Ads,Retargeting,84051,1946,693.55,44,0.0232,0.3564,0.0226
CMP-0115,2023-03-24,Email,Summer_Promo,53441,108,632.96,478,0.002,5.8607,4.4259
CMP-0116,2023-03-19,LinkedIn,Black_Friday,15366,3898,460.9,196,0.2537,0.1182,0.0503
CMP-0117,2023-12-25,Google Ads,Q1_Launch,35452,3647,12.12,36,0.1029,0.0033,0.0099
CMP-0118,2023-05-12,Google Ads,Summer_Promo,13023,4884,844.73,104,0.375,0.173,0.0213
CMP-0119,2023-07-04,Email,Retargeting,63740,2838,79.0,455,0.0445,0.0278,0.1603
CMP-0120,2023-05-23,Google Ads,Q1_Launch,15356,4124,497.77,278,0.2686,0.1207,0.0674
CMP-0121,2023-02-19,Email,Q1_Launch,23793,320,810.67,460,0.0134,2.5333,1.4375
CMP-0122,2023-12-10,Facebook,Retargeting,18927,2793,178.43,253,0.1476,0.0639,0.0906
CMP-0123,2023-02-22,Facebook,Summer_Promo,88143,4204,650.34,306,0.0477,0.1547,0.0728
CMP-0124,2023-09-11,LinkedIn,Summer_Promo,59749,390,156.49,391,0.0065,0.4013,1.0026
CMP-0125,2023-10-08,Google Ads,Retargeting,11852,1553,872.82,137,0.131,0.562,0.0882
CMP-0126,2023-06-30,LinkedIn,Retargeting,97102,1117,285.91,370,0.0115,0.256,0.3312
CMP-0127,2023-11-13,LinkedIn,Q1_Launch,45097,736,244.27,260,0.0163,0.3319,0.3533
CMP-0128,2023-10-31,LinkedIn,Summer_Promo,21677,224,738.32,276,0.0103,3.2961,1.2321
CMP-0129,2023-10-13,LinkedIn,Retargeting,31087,4727,852.9,40,0.1521,0.1804,0.0085
CMP-0130,2023-11-13,LinkedIn,Retargeting,58106,1853,920.45,154,0.0319,0.4967,0.0831
CMP-0131,2023-11-06,Google Ads,Q1_Launch,50693,2777,871.69,99,0.0548,0.3139,0.0356
CMP-0132,2023-02-10,Facebook,Black_Friday,10541,2948,490.28,400,0.2797,0.1663,0.1357
CMP-0133,2023-08-08,Email,Q1_Launch,96963,401,696.73,340,0.0041,1.7375,0.8479
CMP-0134,2023-10-29,Email,Summer_Promo,54300,2579,701.98,243,0.0475,0.2722,0.0942
CMP-0135,2023-04-08,LinkedIn,Q1_Launch,29123,1005,134.21,256,0.0345,0.1335,0.2547
CMP-0136,2023-10-20,Email,Retargeting,31520,4641,402.92,343,0.1472,0.0868,0.0739
CMP-0137,2023-06-16,Google Ads,Q1_Launch,66969,1531,558.06,333,0.0229,0.3645,0.2175
CMP-0138,2023-05-18,Email,Black_Friday,65561,1967,393.93,70,0.03,0.2003,0.0356
CMP-0139,2023-05-06,LinkedIn,Summer_Promo,78994,182,734.65,389,0.0023,4.0365,2.1374
CMP-0140,2023-02-22,LinkedIn,Summer_Promo,41206,355,347.64,82,0.0086,0.9793,0.231
CMP-0141,2023-03-09,Email,Black_Friday,16119,3875,65.72,447,0.2404,0.017,0.1154
CMP-0142,2023-10-27,LinkedIn,Summer_Promo,72535,3900,156.4,458,0.0538,0.0401,0.1174
CMP-0143,2023-05-10,LinkedIn,Retargeting,87761,785,248.2,411,0.0089,0.3162,0.5236
CMP-0144,2023-03-21,Facebook,Black_Friday,4978,1514,717.99,46,0.3041,0.4742,0.0304
CMP-0145,2023-03-10,LinkedIn,Q1_Launch,21000,1994,328.08,367,0.095,0.1645,0.1841
CMP-0146,2023-07-16,Facebook,Summer_Promo,59713,4122,923.46,53,0.069,0.224,0.0129
CMP-0147,2023-03-03,LinkedIn,Q1_Launch,82966,3504,744.25,329,0.0422,0.2124,0.0939
CMP-0148,2023-05-27,LinkedIn,Summer_Promo,42225,1506,147.65,243,0.0357,0.098,0.1614
CMP-0149,2023-11-04,Email,Black_Friday,66762,3798,524.41,342,0.0569,0.1381,0.09
CMP-0150,2023-09-28,Facebook,Summer_Promo,91341,0,528.52,37,0.0,0.0,0.0
CMP-0151,2023-03-29,LinkedIn,Q1_Launch,33327,143,831.85,291,0.0043,5.8171,2.035
CMP-0152,2023-02-16,LinkedIn,Retargeting,92088,1428,106.56,185,0.0155,0.0746,0.1296
CMP-0153,2023-02-22,Email,Black_Friday,82497,1804,463.94,221,0.0219,0.2572,0.1225
CMP-0154,2023-05-25,Facebook,Black_Friday,70969,4480,831.14,333,0.0631,0.1855,0.0743
CMP-0155,2023-03-26,Email,Q1_Launch,72304,753,805.47,168,0.0104,1.0697,0.2231
CMP-0156,2023-01-11,LinkedIn,Black_Friday,19408,723,600.82,364,0.0373,0.831,0.5035
CMP-0157,2023-07-10,Google Ads,Q1_Launch,47599,2966,367.34,392,0.0623,0.1239,0.1322
CMP-0158,2023-12-29,LinkedIn,Summer_Promo,3997,400,753.41,378,0.1001,1.8835,0.945
CMP-0159,2023-04-07,LinkedIn,Retargeting,30504,463,682.0,237,0.0152,1.473,0.5119
CMP-0160,2023-05-03,Facebook,Black_Friday,93788,4413,161.7,299,0.0471,0.0366,0.0678
CMP-0161,2023-08-24,LinkedIn,Summer_Promo,21214,2915,613.84,281,0.1374,0.2106,0.0964
CMP-0162,2023-07-05,LinkedIn,Q1_Launch,52832,3740,944.22,401,0.0708,0.2525,0.1072
CMP-0163,2023-06-01,Email,Black_Friday,6848,4529,580.07,158,0.6614,0.1281,0.0349
CMP-0164,2023-01-27,Facebook,Summer_Promo,52602,2114,956.8,287,0.0402,0.4526,0.1358
CMP-0165,2023-03-18,Email,Retargeting,40747,160,632.83,110,0.0039,3.9552,0.6875
CMP-0166,2023-03-08,Google Ads,Black_Friday,76911,888,123.1,287,0.0115,0.1386,0.3232
CMP-0167,2023-08-21,Google Ads,Retargeting,19617,280,194.5,138,0.0143,0.6946,0.4929
CMP-0168,2023-02-24,Google Ads,Q1_Launch,5458,4418,578.63,126,0.8095,0.131,0.0285
CMP-0169,2023-05-26,Facebook,Black_Friday,9437,2662,556.74,284,0.2821,0.2091,0.1067
CMP-0170,2023-07-13,Google Ads,Black_Friday,11078,1243,185.47,163,0.1122,0.1492,0.1311
CMP-0171,2023-07-05,LinkedIn,Summer_Promo,81217,2935,329.9,237,0.0361,0.1124,0.0807
CMP-0172,2023-09-16,Google Ads,Q1_Launch,37831,2451,510.58,226,0.0648,0.2083,0.0922
CMP-0173,2023-03-22,Email,Black_Friday,70448,955,589.57,143,0.0136,0.6174,0.1497
CMP-0174,2023-02-20,LinkedIn,Retargeting,83487,1146,49.33,259,0.0137,0.043,0.226
CMP-0175,2023-11-19,Google Ads,Retargeting,70431,439,799.07,320,0.0062,1.8202,0.7289
CMP-0176,2023-03-30,Facebook,Summer_Promo,23615,4968,279.95,473,0.2104,0.0564,0.0952
CMP-0177,2023-03-21,LinkedIn,Retargeting,45277,3051,452.19,396,0.0674,0.1482,0.1298
CMP-0178,2023-12-16,Google Ads,Summer_Promo,93900,3906,159.07,104,0.0416,0.0407,0.0266
CMP-0179,2023-01-07,LinkedIn,Q1_Launch,76978,2535,902.85,86,0.0329,0.3562,0.0339
CMP-0180,2023-12-15,Facebook,Q1_Launch,22190,3308,511.32,444,0.1491,0.1546,0.1342
CMP-0181,2023-02-12,Email,Retargeting,84411,4336,609.6,331,0.0514,0.1406,0.0763
CMP-0182,2023-01-23,Facebook,Q1_Launch,42689,1788,761.25,6,0.0419,0.4258,0.0034
CMP-0183,2023-09-02,LinkedIn,Q1_Launch,3254,4161,687.12,228,1.2787,0.1651,0.0548
CMP-0184,2023-04-08,Facebook,Q1_Launch,34345,4053,916.73,250,0.118,0.2262,0.0617
CMP-0185,2023-04-21,Email,Retargeting,31350,2031,705.41,449,0.0648,0.3473,0.2211
CMP-0186,2023-03-13,LinkedIn,Summer_Promo,40655,3492,408.07,344,0.0859,0.1169,0.0985
CMP-0187,2023-07-28,Google Ads,Retargeting,35212,3362,830.86,232,0.0955,0.2471,0.069
CMP-0188,2023-08-10,Email,Retargeting,71881,4560,608.63,255,0.0634,0.1335,0.0559
CMP-0189,2023-07-12,Email,Retargeting,78102,3807,510.28,249,0.0487,0.134,0.0654
CMP-0190,2023-12-31,Email,Black_Friday,23261,2208,138.92,242,0.0949,0.0629,0.1096
CMP-0191,2023-03-05,LinkedIn,Black_Friday,45451,3888,392.21,339,0.0855,0.1009,0.0872
CMP-0192,2023-12-26,Email,Summer_Promo,2945,90,234.69,118,0.0306,2.6077,1.3111
CMP-0193,2023-07-28,LinkedIn,Q1_Launch,80506,4199,997.02,263,0.0522,0.2374,0.0626
CMP-0194,2023-10-29,Facebook,Q1_Launch,98861,2814,844.8,292,0.0285,0.3002,0.1038
CMP-0195,2023-12-26,Email,Black_Friday,71037,2734,493.96,291,0.0385,0.1807,0.1064
CMP-0196,2023-04-14,Google Ads,Q1_Launch,41219,3901,995.66,354,0.0946,0.2552,0.0907
CMP-0197,2023-06-13,Facebook,Q1_Launch,26663,349,269.4,318,0.0131,0.7719,0.9112
CMP-0198,2023-01-26,Email,Summer_Promo,24992,2015,598.03,101,0.0806,0.2968,0.0501
CMP-0199,2023-08-12,Email,Q1_Launch,43206,3443,302.55,249,0.0797,0.0879,0.0723
CMP-0200,2023-03-17,Facebook,Black_Friday,92764,1125,641.9,265,0.0121,0.5706,0.2356
CMP-0201,2023-01-12,Google Ads,Summer_Promo,69918,3330,189.84,278,0.0476,0.057,0.0835
CMP-0202,2023-11-29,LinkedIn,Q1_Launch,31702,3994,267.06,314,0.126,0.0669,0.0786
CMP-0203,2023-07-27,Facebook,Summer_Promo,82492,4592,403.18,253,0.0557,0.0878,0.0551
CMP-0204,2023-11-03,LinkedIn,Retargeting,38955,704,110.65,313,0.0181,0.1572,0.4446
CMP-0205,2023-08-28,LinkedIn,Retargeting,57143,3166,424.32,36,0.0554,0.134,0.0114
CMP-0206,2023-05-31,Facebook,Black_Friday,83487,4535,648.34,425,0.0543,0.143,0.0937
CMP-0207,2023-04-12,Email,Summer_Promo,62857,1142,132.55,267,0.0182,0.1161,0.2338
CMP-0208,2023-03-01,Google Ads,Summer_Promo,27756,3152,600.41,232,0.1136,0.1905,0.0736
CMP-0209,2023-11-19,Email,Retargeting,47730,2260,935.1,69,0.0473,0.4138,0.0305
CMP-0210,2023-12-25,Email,Q1_Launch,22895,3909,499.66,137,0.1707,0.1278,0.035
CMP-0211,2023-05-03,Facebook,Retargeting,79888,285,647.55,88,0.0036,2.2721,0.3088
CMP-0212,2023-01-02,Facebook,Retargeting,34051,4639,347.57,246,0.1362,0.0749,0.053
CMP-0213,2023-02-04,Email,Retargeting,9966,4845,413.35,488,0.4862,0.0853,0.1007
CMP-0214,2023-02-07,Google Ads,Black_Friday,96342,3515,852.24,478,0.0365,0.2425,0.136
CMP-0215,2023-02-05,Email,Black_Friday,51428,2832,480.1,266,0.0551,0.1695,0.0939
CMP-0216,2023-10-26,Google Ads,Q1_Launch,67253,810,174.08,86,0.012,0.2149,0.1062
CMP-0217,2023-04-26,Email,Retargeting,80759,1026,630.52,109,0.0127,0.6145,0.1062
CMP-0218,2023-12-24,Facebook,Black_Friday,72887,4394,120.23,87,0.0603,0.0274,0.0198
CMP-0219,2023-06-22,Facebook,Q1_Launch,80299,2082,469.99,272,0.0259,0.2257,0.1306
CMP-0220,2023-08-31,LinkedIn,Black_Friday,97162,3538,983.69,112,0.0364,0.278,0.0317
CMP-0221,2023-04-19,Google Ads,Black_Friday,86664,3540,534.85,26,0.0408,0.1511,0.0073
CMP-0222,2023-06-27,Email,Retargeting,37345,401,387.16,125,0.0107,0.9655,0.3117
CMP-0223,2023-06-09,LinkedIn,Retargeting,30205,4290,819.13,396,0.142,0.1909,0.0923
CMP-0224,2023-03-21,Email,Q1_Launch,26169,3367,575.85,258,0.1287,0.171,0.0766
CMP-0225,2023-03-27,Facebook,Summer_Promo,44919,0,19.78,246,0.0,0.0,0.0
CMP-0226,2023-01-04,Google Ads,Retargeting,58780,4750,936.53,405,0.0808,0.1972,0.0853
CMP-0227,2023-11-08,LinkedIn,Summer_Promo,28671,2615,983.64,168,0.0912,0.3762,0.0642
CMP-0228,2023-11-26,Facebook,Retargeting,75292,1647,161.52,115,0.0219,0.0981,0.0698
CMP-0229,2023-08-10,Google Ads,Black_Friday,40103,2398,433.65,384,0.0598,0.1808,0.1601
CMP-0230,2023-04-10,Email,Retargeting,5778,2283,152.69,451,0.3951,0.0669,0.1975
CMP-0231,2023-02-10,LinkedIn,Summer_Promo,76051,2097,94.48,3,0.0276,0.0451,0.0014
CMP-0232,2023-07-02,Google Ads,Black_Friday,98031,4655,376.55,246,0.0475,0.0809,0.0528
CMP-0233,2023-12-17,Facebook,Retargeting,14876,2255,474.06,213,0.1516,0.2102,0.0945
CMP-0234,2023-12-26,Email,Summer_Promo,56827,916,362.73,232,0.0161,0.396,0.2533
CMP-0235,2023-09-03,LinkedIn,Summer_Promo,88433,615,256.17,389,0.007,0.4165,0.6325
CMP-0236,2023-05-26,Google Ads,Retargeting,80534,3852,371.48,19,0.0478,0.0964,0.0049
CMP-0237,2023-09-03,LinkedIn,Retargeting,74196,3204,512.69,37,0.0432,0.16,0.0115
CMP-0238,2023-09-05,Google Ads,Retargeting,22520,4835,955.31,58,0.2147,0.1976,0.012
CMP-0239,2023-03-10,LinkedIn,Summer_Promo,80213,3520,171.44,150,0.0439,0.0487,0.0426
CMP-0240,2023-12-06,LinkedIn,Black_Friday,72585,3442,273.99,67,0.0474,0.0796,0.0195
CMP-0241,2023-03-24,Email,Summer_Promo,60188,2509,303.62,350,0.0417,0.121,0.1395
CMP-0242,2023-05-16,Google Ads,Retargeting,90824,4467,520.42,82,0.0492,0.1165,0.0184
CMP-0243,2023-03-09,Facebook,Retargeting,23697,4577,584.36,315,0.1931,0.1277,0.0688
CMP-0244,2023-09-10,LinkedIn,Retargeting,99895,3796,836.54,87,0.038,0.2204,0.0229
CMP-0245,2023-09-09,Google Ads,Summer_Promo,15802,2793,658.68,437,0.1767,0.2358,0.1565
CMP-0246,2023-03-18,Email,Retargeting,31942,872,950.75,49,0.0273,1.0903,0.0562
CMP-0247,2023-04-05,Google Ads,Black_Friday,70148,4405,825.16,98,0.0628,0.1873,0.0222
CMP-0248,2023-04-30,Facebook,Q1_Launch,49877,3301,50.79,480,0.0662,0.0154,0.1454
CMP-0249,2023-10-04,Google Ads,Black_Friday,54871,3350,239.6,214,0.0611,0.0715,0.0639
CMP-0250,2023-11-26,Facebook,Summer_Promo,44092,1405,775.03,203,0.0319,0.5516,0.1445
CMP-0251,2023-03-01,Facebook,Summer_Promo,60880,3088,304.98,127,0.0507,0.0988,0.0411
CMP-0252,2023-02-04,Facebook,Retargeting,23429,2383,739.02,344,0.1017,0.3101,0.1444
CMP-0253,2023-05-04,Google Ads,Q1_Launch,90942,4661,924.17,407,0.0513,0.1983,0.0873
CMP-0254,2023-01-26,LinkedIn,Retargeting,42885,2300,757.64,365,0.0536,0.3294,0.1587
CMP-0255,2023-07-26,LinkedIn,Retargeting,91034,834,653.25,462,0.0092,0.7833,0.554
CMP-0256,2023-11-27,Google Ads,Black_Friday,76706,3880,498.41,0,0.0506,0.1285,0.0
CMP-0257,2023-03-17,Facebook,Q1_Launch,3453,2599,299.66,249,0.7527,0.1153,0.0958
CMP-0258,2023-10-17,Email,Summer_Promo,88023,1505,77.77,130,0.0171,0.0517,0.0864
CMP-0259,2023-01-21,LinkedIn,Black_Friday,94808,2232,970.69,347,0.0235,0.4349,0.1555
CMP-0260,2023-07-30,LinkedIn,Q1_Launch,52644,617,521.65,102,0.0117,0.8455,0.1653
CMP-0261,2023-06-08,Email,Black_Friday,28355,2018,540.66,18,0.0712,0.2679,0.0089
CMP-0262,2023-09-17,Email,Summer_Promo,53137,82,110.88,469,0.0015,1.3522,5.7195
CMP-0263,2023-10-13,LinkedIn,Summer_Promo,70121,2637,716.47,137,0.0376,0.2717,0.052
CMP-0264,2023-02-17,LinkedIn,Summer_Promo,32394,4541,667.68,439,0.1402,0.147,0.0967
CMP-0265,2023-01-28,Facebook,Black_Friday,95131,702,451.38,81,0.0074,0.643,0.1154
CMP-0266,2023-01-26,Google Ads,Black_Friday,81585,821,31.61,33,0.0101,0.0385,0.0402
CMP-0267,2023-08-27,Facebook,Summer_Promo,43089,861,43.9,466,0.02,0.051,0.5412
CMP-0268,2023-04-05,LinkedIn,Black_Friday,8467,693,168.14,483,0.0818,0.2426,0.697
CMP-0269,2023-04-13,Google Ads,Retargeting,49099,3611,681.62,230,0.0735,0.1888,0.0637
CMP-0270,2023-07-05,Email,Q1_Launch,90257,328,144.21,62,0.0036,0.4397,0.189
CMP-0271,2023-01-30,Email,Black_Friday,29306,1537,10.58,311,0.0524,0.0069,0.2023
CMP-0272,2023-11-07,Facebook,Retargeting,83372,3376,990.81,268,0.0405,0.2935,0.0794
CMP-0273,2023-02-17,LinkedIn,Q1_Launch,16105,714,725.66,436,0.0443,1.0163,0.6106
CMP-0274,2023-02-17,LinkedIn,Q1_Launch,99472,2222,111.16,143,0.0223,0.05,0.0644
CMP-0275,2023-11-13,Facebook,Black_Friday,58402,326,164.76,74,0.0056,0.5054,0.227
CMP-0276,2023-05-15,Google Ads,Black_Friday,86705,1064,298.89,457,0.0123,0.2809,0.4295
CMP-0277,2023-04-08,Email,Retargeting,75447,1081,851.4,341,0.0143,0.7876,0.3154
CMP-0278,2023-06-22,LinkedIn,Summer_Promo,10585,2665,298.59,255,0.2518,0.112,0.0957
CMP-0279,2023-08-15,Facebook,Black_Friday,7163,1292,152.73,157,0.1804,0.1182,0.1215
CMP-0280,2023-06-17,LinkedIn,Q1_Launch,96600,3469,309.25,56,0.0359,0.0891,0.0161
CMP-0281,2023-03-20,Facebook,Retargeting,47999,2339,406.64,165,0.0487,0.1739,0.0705
CMP-0282,2023-05-07,Facebook,Summer_Promo,12715,2366,528.14,238,0.1861,0.2232,0.1006
CMP-0283,2023-10-05,LinkedIn,Q1_Launch,71700,3917,940.14,151,0.0546,0.24,0.0385
CMP-0284,2023-04-01,LinkedIn,Summer_Promo,62742,572,850.21,499,0.0091,1.4864,0.8724
CMP-0285,2023-04-23,Google Ads,Retargeting,2883,2740,144.02,159,0.9504,0.0526,0.058
CMP-0286,2023-01-02,Email,Q1_Launch,24214,1952,15.52,478,0.0806,0.008,0.2449
CMP-0287,2023-11-23,Facebook,Retargeting,75701,4521,130.37,239,0.0597,0.0288,0.0529
CMP-0288,2023-02-15,Facebook,Q1_Launch,67822,1702,494.37,388,0.0251,0.2905,0.228
CMP-0289,2023-04-07,Email,Q1_Launch,44494,244,498.06,303,0.0055,2.0412,1.2418
CMP-0290,2023-09-08,Email,Black_Friday,21051,2358,750.62,200,0.112,0.3183,0.0848
CMP-0291,2023-06-19,Google Ads,Q1_Launch,51794,4365,602.2,467,0.0843,0.138,0.107
CMP-0292,2023-08-23,LinkedIn,Q1_Launch,70204,2035,499.64,149,0.029,0.2455,0.0732
CMP-0293,2023-03-21,Google Ads,Black_Friday,65078,4153,595.75,475,0.0638,0.1435,0.1144
CMP-0294,2023-03-29,Email,Q1_Launch,84797,881,160.19,453,0.0104,0.1818,0.5142
CMP-0295,2023-01-23,Google Ads,Q1_Launch,52030,1410,575.69,270,0.0271,0.4083,0.1915
CMP-0296,2023-12-17,Google Ads,Black_Friday,37247,3965,525.8,403,0.1065,0.1326,0.1016
CMP-0297,2023-10-30,Email,Q1_Launch,71909,722,287.88,6,0.01,0.3987,0.0083
CMP-0298,2023-11-24,LinkedIn,Retargeting,33722,4833,633.13,413,0.1433,0.131,0.0855
CMP-0299,2023-06-02,LinkedIn,Black_Friday,84437,2294,84.43,494,0.0272,0.0368,0.2153
CMP-0300,2023-10-25,Email,Summer_Promo,82865,0,857.02,495,0.0,0.0,0.0
CMP-0301,2023-06-14,LinkedIn,Q1_Launch,10872,1454,95.39,242,0.1337,0.0656,0.1664
CMP-0302,2023-06-09,Google Ads,Retargeting,36197,261,232.39,7,0.0072,0.8904,0.0268
CMP-0303,2023-09-30,LinkedIn,Summer_Promo,22866,1432,579.55,490,0.0626,0.4047,0.3422
CMP-0304,2023-12-10,Google Ads,Black_Friday,31850,4827,675.6,158,0.1516,0.14,0.0327
CMP-0305,2023-05-31,Email,Summer_Promo,13823,167,792.45,439,0.0121,4.7452,2.6287
CMP-0306,2023-11-24,Email,Q1_Launch,56744,232,589.77,51,0.0041,2.5421,0.2198
CMP-0307,2023-01-10,LinkedIn,Retargeting,97529,4173,678.05,456,0.0428,0.1625,0.1093
CMP-0308,2023-08-04,LinkedIn,Black_Friday,12609,2787,261.09,162,0.221,0.0937,0.0581
CMP-0309,2023-08-12,Facebook,Black_Friday,84356,1113,178.22,62,0.0132,0.1601,0.0557
CMP-0310,2023-06-17,Email,Q1_Launch,96617,3429,156.26,416,0.0355,0.0456,0.1213
CMP-0311,2023-12-26,LinkedIn,Q1_Launch,45593,2648,485.53,88,0.0581,0.1834,0.0332
CMP-0312,2023-07-12,Google Ads,Black_Friday,98137,3682,589.65,431,0.0375,0.1601,0.1171
CMP-0313,2023-07-10,Google Ads,Retargeting,27713,3197,923.15,83,0.1154,0.2888,0.026
CMP-0314,2023-12-11,Email,Summer_Promo,51107,2922,467.3,455,0.0572,0.1599,0.1557
CMP-0315,2023-03-18,LinkedIn,Black_Friday,58253,1402,661.53,198,0.0241,0.4718,0.1412
CMP-0316,2023-04-04,Facebook,Retargeting,7215,3511,721.07,471,0.4866,0.2054,0.1341
CMP-0317,2023-08-12,Facebook,Q1_Launch,31248,2743,445.73,40,0.0878,0.1625,0.0146
CMP-0318,2023-07-16,LinkedIn,Black_Friday,67028,3638,271.82,470,0.0543,0.0747,0.1292
CMP-0319,2023-02-22,Facebook,Retargeting,65913,400,670.74,303,0.0061,1.6768,0.7575
CMP-0320,2023-01-08,Facebook,Black_Friday,62613,2243,726.28,140,0.0358,0.3238,0.0624
CMP-0321,2023-03-15,Facebook,Q1_Launch,34329,3232,194.04,240,0.0941,0.06,0.0743
CMP-0322,2023-12-09,Email,Black_Friday,4687,4629,353.45,116,0.9876,0.0764,0.0251
CMP-0323,2023-01-15,Facebook,Retargeting,41361,2234,978.62,484,0.054,0.4381,0.2167
CMP-0324,2023-02-19,Facebook,Q1_Launch,64232,3264,357.09,378,0.0508,0.1094,0.1158
CMP-0325,2023-04-08,Google Ads,Q1_Launch,97193,4729,60.39,435,0.0487,0.0128,0.092
CMP-0326,2023-08-19,LinkedIn,Summer_Promo,56276,2962,611.47,188,0.0526,0.2064,0.0635
CMP-0327,2023-06-03,Google Ads,Summer_Promo,67297,4690,487.83,222,0.0697,0.104,0.0473
CMP-0328,2023-10-24,Facebook,Black_Friday,70119,2549,14.48,231,0.0364,0.0057,0.0906
CMP-0329,2023-01-18,Google Ads,Summer_Promo,79315,220,368.93,351,0.0028,1.677,1.5955
CMP-0330,2023-06-10,LinkedIn,Summer_Promo,78621,4752,348.9,31,0.0604,0.0734,0.0065
CMP-0331,2023-07-31,Facebook,Summer_Promo,23138,1038,344.88,208,0.0449,0.3323,0.2004
CMP-0332,2023-12-20,Google Ads,Black_Friday,53169,4923,727.77,361,0.0926,0.1478,0.0733
CMP-0333,2023-08-20,Google Ads,Black_Friday,58649,2942,32.16,132,0.0502,0.0109,0.0449
CMP-0334,2023-08-21,LinkedIn,Black_Friday,18236,1956,957.3,160,0.1073,0.4894,0.0818
CMP-0335,2023-01-14,LinkedIn,Summer_Promo,30928,3311,388.36,299,0.1071,0.1173,0.0903
CMP-0336,2023-07-18,LinkedIn,Retargeting,88523,3227,266.6,496,0.0365,0.0826,0.1537
CMP-0337,2023-09-29,Email,Q1_Launch,55081,70,447.23,362,0.0013,6.389,5.1714
CMP-0338,2023-08-09,Email,Summer_Promo,53167,2497,127.47,228,0.047,0.051,0.0913
CMP-0339,2023-08-11,Facebook,Q1_Launch,72839,3185,404.14,100,0.0437,0.1269,0.0314
CMP-0340,2023-07-13,LinkedIn,Black_Friday,8593,3218,673.52,92,0.3745,0.2093,0.0286
CMP-0341,2023-12-05,LinkedIn,Q1_Launch,91717,2373,695.34,62,0.0259,0.293,0.0261
CMP-0342,2023-06-12,Facebook,Q1_Launch,99135,1775,330.8,426,0.0179,0.1864,0.24
CMP-0343,2023-05-14,LinkedIn,Black_Friday,45400,4000,122.7,362,0.0881,0.0307,0.0905
CMP-0344,2023-02-16,LinkedIn,Black_Friday,54138,218,751.09,292,0.004,3.4454,1.3394
CMP-0345,2023-07-31,Email,Summer_Promo,93423,1487,994.66,476,0.0159,0.6689,0.3201
CMP-0346,2023-06-04,LinkedIn,Q1_Launch,63220,2774,35.67,365,0.0439,0.0129,0.1316
CMP-0347,2023-12-10,Facebook,Summer_Promo,85528,1202,901.01,143,0.0141,0.7496,0.119
CMP-0348,2023-09-01,Facebook,Q1_Launch,52242,2645,980.55,164,0.0506,0.3707,0.062
CMP-0349,2023-04-26,Google Ads,Summer_Promo,80745,2570,135.89,370,0.0318,0.0529,0.144
CMP-0350,2023-12-07,Email,Black_Friday,95143,3344,720.67,98,0.0351,0.2155,0.0293
CMP-0351,2023-10-01,Google Ads,Retargeting,12486,1436,681.17,255,0.115,0.4744,0.1776
CMP-0352,2023-11-12,Email,Black_Friday,57030,3931,709.34,390,0.0689,0.1804,0.0992
CMP-0353,2023-05-01,LinkedIn,Q1_Launch,5657,764,386.34,34,0.1351,0.5057,0.0445
CMP-0354,2023-07-12,Google Ads,Q1_Launch,65030,1219,620.28,449,0.0187,0.5088,0.3683
CMP-0355,2023-02-14,LinkedIn,Retargeting,92267,886,559.9,252,0.0096,0.6319,0.2844
CMP-0356,2023-05-13,Facebook,Retargeting,31993,434,336.07,441,0.0136,0.7744,1.0161
CMP-0357,2023-02-21,Facebook,Black_Friday,13040,527,605.06,64,0.0404,1.1481,0.1214
CMP-0358,2023-11-02,LinkedIn,Black_Friday,39009,2960,953.21,358,0.0759,0.322,0.1209
CMP-0359,2023-11-27,Facebook,Q1_Launch,37189,1232,676.01,195,0.0331,0.5487,0.1583
CMP-0360,2023-11-06,Google Ads,Q1_Launch,26192,2498,861.42,376,0.0954,0.3448,0.1505
CMP-0361,2023-08-10,Facebook,Retargeting,33881,4097,700.51,285,0.1209,0.171,0.0696
CMP-0362,2023-11-26,Facebook,Black_Friday,52424,4374,854.56,301,0.0834,0.1954,0.0688
CMP-0363,2023-05-14,Facebook,Black_Friday,43788,3494,178.27,341,0.0798,0.051,0.0976
CMP-0364,2023-06-15,Google Ads,Q1_Launch,80641,230,323.2,249,0.0029,1.4052,1.0826
CMP-0365,2023-08-28,Facebook,Q1_Launch,1828,2891,483.58,390,1.5815,0.1673,0.1349
CMP-0366,2023-06-13,Google Ads,Q1_Launch,62916,4751,927.19,213,0.0755,0.1952,0.0448
CMP-0367,2023-05-24,Facebook,Black_Friday,17211,4921,792.95,485,0.2859,0.1611,0.0986
CMP-0368,2023-10-24,Facebook,Black_Friday,94130,3907,157.72,366,0.0415,0.0404,0.0937
CMP-0369,2023-11-24,Email,Black_Friday,15299,1694,411.64,275,0.1107,0.243,0.1623
CMP-0370,2023-02-07,Google Ads,Q1_Launch,60247,1727,641.76,402,0.0287,0.3716,0.2328
CMP-0371,2023-10-30,Email,Q1_Launch,97408,4583,539.92,106,0.047,0.1178,0.0231
CMP-0372,2023-07-19,Facebook,Retargeting,13706,2187,413.56,325,0.1596,0.1891,0.1486
CMP-0373,2023-08-08,Email,Summer_Promo,31393,1546,990.25,391,0.0492,0.6405,0.2529
CMP-0374,2023-10-20,Email,Q1_Launch,76898,4854,48.59,334,0.0631,0.01,0.0688
CMP-0375,2023-02-13,Email,Retargeting,99491,0,328.83,412,0.0,0.0,0.0
CMP-0376,2023-03-08,Google Ads,Summer_Promo,37899,1434,996.27,326,0.0378,0.6947,0.2273
CMP-0377,2023-09-17,Facebook,Retargeting,12483,2962,186.67,305,0.2373,0.063,0.103
CMP-0378,2023-03-12,Email,Q1_Launch,84967,4956,429.74,144,0.0583,0.0867,0.0291
CMP-0379,2023-02-11,LinkedIn,Summer_Promo,94610,4516,17.05,82,0.0477,0.0038,0.0182
CMP-0380,2023-07-20,Facebook,Retargeting,47060,1034,482.54,125,0.022,0.4667,0.1209
CMP-0381,2023-12-11,Facebook,Summer_Promo,71175,3371,896.71,74,0.0474,0.266,0.022
CMP-0382,2023-07-15,Google Ads,Summer_Promo,94305,981,135.96,83,0.0104,0.1386,0.0846
CMP-0383,2023-03-17,LinkedIn,Summer_Promo,62601,3680,394.11,220,0.0588,0.1071,0.0598
CMP-0384,2023-03-11,LinkedIn,Q1_Launch,57534,1101,766.72,454,0.0191,0.6964,0.4124
CMP-0385,2023-04-03,Facebook,Retargeting,30039,3401,119.48,161,0.1132,0.0351,0.0473
CMP-0386,2023-10-04,Google Ads,Summer_Promo,53099,765,237.93,27,0.0144,0.311,0.0353
CMP-0387,2023-12-28,Email,Black_Friday,9342,3759,71.02,107,0.4024,0.0189,0.0285
CMP-0388,2023-11-10,Google Ads,Black_Friday,14050,1420,968.0,466,0.1011,0.6817,0.3282
CMP-0389,2023-03-11,Email,Summer_Promo,60743,3874,956.05,106,0.0638,0.2468,0.0274
CMP-0390,2023-04-08,Email,Black_Friday,48984,4840,569.15,402,0.0988,0.1176,0.0831
CMP-0391,2023-04-02,LinkedIn,Black_Friday,56598,3924,852.69,65,0.0693,0.2173,0.0166
CMP-0392,2023-06-29,LinkedIn,Retargeting,93971,3121,349.64,155,0.0332,0.112,0.0497
CMP-0393,2023-11-07,Google Ads,Retargeting,74922,2510,16.2,144,0.0335,0.0065,0.0574
CMP-0394,2023-10-29,Facebook,Q1_Launch,74711,2770,725.18,25,0.0371,0.2618,0.009
CMP-0395,2023-05-06,Facebook,Q1_Launch,64994,64,917.83,10,0.001,14.3411,0.1562
CMP-0396,2023-10-22,Facebook,Summer_Promo,41781,2442,453.27,355,0.0584,0.1856,0.1454
CMP-0397,2023-01-16,LinkedIn,Summer_Promo,74383,3460,225.63,461,0.0465,0.0652,0.1332
CMP-0398,2023-06-20,Email,Retargeting,22444,2625,767.7,36,0.117,0.2925,0.0137
CMP-0399,2023-09-02,Email,Q1_Launch,27675,2115,808.88,241,0.0764,0.3824,0.1139
CMP-0400,2023-07-09,Email,Black_Friday,13676,710,893.04,244,0.0519,1.2578,0.3437
CMP-0401,2023-03-30,LinkedIn,Summer_Promo,73018,3381,920.61,466,0.0463,0.2723,0.1378
CMP-0402,2023-06-19,Google Ads,Black_Friday,37278,2334,83.27,13,0.0626,0.0357,0.0056
CMP-0403,2023-06-02,LinkedIn,Retargeting,30775,1831,55.81,188,0.0595,0.0305,0.1027
CMP-0404,2023-05-02,Google Ads,Black_Friday,51159,1997,117.13,485,0.039,0.0587,0.2429
CMP-0405,2023-04-26,Google Ads,Black_Friday,29840,1251,994.24,172,0.0419,0.7948,0.1375
CMP-0406,2023-12-16,Email,Black_Friday,36230,1218,166.38,5,0.0336,0.1366,0.0041
CMP-0407,2023-01-29,Google Ads,Summer_Promo,37971,4475,840.4,467,0.1179,0.1878,0.1044
CMP-0408,2023-04-06,Google Ads,Retargeting,83890,396,340.46,494,0.0047,0.8597,1.2475
CMP-0409,2023-11-22,Facebook,Black_Friday,38759,1617,849.47,154,0.0417,0.5253,0.0952
CMP-0410,2023-03-08,LinkedIn,Retargeting,21991,73,513.29,398,0.0033,7.0314,5.4521
CMP-0411,2023-05-06,LinkedIn,Black_Friday,85608,904,723.84,415,0.0106,0.8007,0.4591
CMP-0412,2023-03-24,Facebook,Black_Friday,50326,771,325.28,78,0.0153,0.4219,0.1012
CMP-0413,2023-03-30,Facebook,Retargeting,81683,2827,800.42,281,0.0346,0.2831,0.0994
CMP-0414,2023-03-20,Facebook,Black_Friday,70859,3289,950.75,100,0.0464,0.2891,0.0304
CMP-0415,2023-05-23,Email,Black_Friday,61440,1648,415.35,246,0.0268,0.252,0.1493
CMP-0416,2023-07-01,LinkedIn,Black_Friday,75768,4861,52.76,144,0.0642,0.0109,0.0296
CMP-0417,2023-10-30,Email,Retargeting,6319,3842,467.08,125,0.608,0.1216,0.0325
CMP-0418,2023-01-15,Google Ads,Black_Friday,37762,2492,536.83,315,0.066,0.2154,0.1264
CMP-0419,2023-10-11,Email,Black_Friday,91726,3115,649.01,371,0.034,0.2083,0.1191
CMP-0420,2023-11-21,Facebook,Summer_Promo,45917,781,234.41,81,0.017,0.3001,0.1037
CMP-0421,2023-10-05,LinkedIn,Retargeting,42331,2719,676.25,487,0.0642,0.2487,0.1791
CMP-0422,2023-06-16,Email,Summer_Promo,44660,2740,92.06,436,0.0614,0.0336,0.1591
CMP-0423,2023-07-27,Email,Summer_Promo,68608,844,287.92,219,0.0123,0.3411,0.2595
CMP-0424,2023-11-09,LinkedIn,Summer_Promo,99074,1193,947.05,422,0.012,0.7938,0.3537
CMP-0425,2023-11-18,Facebook,Summer_Promo,51939,150,868.91,409,0.0029,5.7927,2.7267
CMP-0426,2023-08-10,Email,Retargeting,38977,419,127.02,305,0.0107,0.3032,0.7279
CMP-0427,2023-06-15,Email,Summer_Promo,49672,1968,300.09,360,0.0396,0.1525,0.1829
CMP-0428,2023-03-29,Google Ads,Q1_Launch,98582,4488,410.53,436,0.0455,0.0915,0.0971
CMP-0429,2023-06-03,Email,Q1_Launch,12594,3994,867.26,425,0.3171,0.2171,0.1064
CMP-0430,2023-12-22,Facebook,Q1_Launch,31480,4463,560.17,168,0.1418,0.1255,0.0376
CMP-0431,2023-10-14,Google Ads,Summer_Promo,25945,582,730.63,475,0.0224,1.2554,0.8162
CMP-0432,2023-10-25,Facebook,Retargeting,43967,3892,86.46,252,0.0885,0.0222,0.0647
CMP-0433,2023-07-20,LinkedIn,Black_Friday,53775,4124,292.05,194,0.0767,0.0708,0.047
CMP-0434,2023-10-29,Email,Black_Friday,36680,3334,551.45,317,0.0909,0.1654,0.0951
CMP-0435,2023-10-10,Facebook,Retargeting,97284,4290,379.82,207,0.0441,0.0885,0.0483
CMP-0436,2023-08-04,LinkedIn,Summer_Promo,53688,4201,999.08,198,0.0782,0.2378,0.0471
CMP-0437,2023-03-07,Email,Black_Friday,30176,1100,997.4,4,0.0365,0.9067,0.0036
CMP-0438,2023-11-13,Google Ads,Summer_Promo,73380,3509,543.89,108,0.0478,0.155,0.0308
CMP-0439,2023-12-12,Email,Retargeting,55411,2353,343.32,174,0.0425,0.1459,0.0739
CMP-0440,2023-09-09,LinkedIn,Retargeting,32435,1397,256.54,132,0.0431,0.1836,0.0945
CMP-0441,2023-03-12,Facebook,Summer_Promo,53617,972,933.1,171,0.0181,0.96,0.1759
CMP-0442,2023-06-11,Facebook,Black_Friday,40562,505,765.85,414,0.0125,1.5165,0.8198
CMP-0443,2023-11-12,LinkedIn,Q1_Launch,28299,3550,775.84,207,0.1254,0.2185,0.0583
CMP-0444,2023-06-06,Email,Q1_Launch,62038,2706,791.89,64,0.0436,0.2926,0.0237
CMP-0445,2023-05-25,Google Ads,Summer_Promo,59436,3982,367.75,117,0.067,0.0924,0.0294
CMP-0446,2023-02-19,Google Ads,Retargeting,51207,1412,739.3,439,0.0276,0.5236,0.3109
CMP-0447,2023-12-18,Facebook,Black_Friday,65489,2403,94.1,287,0.0367,0.0392,0.1194
CMP-0448,2023-06-19,Facebook,Q1_Launch,36829,3001,861.25,159,0.0815,0.287,0.053
CMP-0449,2023-01-12,Facebook,Retargeting,94385,2392,668.53,378,0.0253,0.2795,0.158
CMP-0450,2023-12-09,Email,Q1_Launch,29360,0,779.21,90,0.0,0.0,0.0
CMP-0451,2023-05-24,Email,Retargeting,15364,4968,728.6,274,0.3234,0.1467,0.0552
CMP-0452,2023-12-18,Google Ads,Summer_Promo,61407,3013,211.92,390,0.0491,0.0703,0.1294
CMP-0453,2023-04-02,Facebook,Black_Friday,60239,1394,614.05,266,0.0231,0.4405,0.1908
CMP-0454,2023-01-20,LinkedIn,Summer_Promo,15669,1640,902.59,368,0.1047,0.5504,0.2244
CMP-0455,2023-07-25,Email,Q1_Launch,32065,3158,444.46,127,0.0985,0.1407,0.0402
CMP-0456,2023-04-23,Email,Black_Friday,55324,3622,467.18,146,0.0655,0.129,0.0403
CMP-0457,2023-08-04,LinkedIn,Summer_Promo,3097,4569,350.01,319,1.4753,0.0766,0.0698
CMP-0458,2023-10-12,Email,Summer_Promo,3924,1825,673.59,408,0.4651,0.3691,0.2236
CMP-0459,2023-03-12,Google Ads,Retargeting,4239,3438,365.91,423,0.811,0.1064,0.123
CMP-0460,2023-05-14,Facebook,Retargeting,31218,324,298.33,120,0.0104,0.9208,0.3704
CMP-0461,2023-09-17,Email,Retargeting,26918,985,873.53,77,0.0366,0.8868,0.0782
CMP-0462,2023-04-16,Google Ads,Retargeting,96522,54,500.83,294,0.0006,9.2746,5.4444
CMP-0463,2023-09-13,LinkedIn,Q1_Launch,87410,2731,761.24,392,0.0312,0.2787,0.1435
CMP-0464,2023-01-27,Email,Q1_Launch,93898,1860,251.31,422,0.0198,0.1351,0.2269
CMP-0465,2023-08-13,Google Ads,Summer_Promo,55160,2813,937.17,497,0.051,0.3332,0.1767
CMP-0466,2023-11-14,Google Ads,Retargeting,27241,4618,466.7,44,0.1695,0.1011,0.0095
CMP-0467,2023-08-04,LinkedIn,Summer_Promo,72572,3380,783.33,464,0.0466,0.2318,0.1373
CMP-0468,2023-12-27,LinkedIn,Summer_Promo,19415,1469,61.82,192,0.0757,0.0421,0.1307
CMP-0469,2023-04-06,Email,Retargeting,85748,411,381.49,473,0.0048,0.9282,1.1509
CMP-0470,2023-12-11,Email,Black_Friday,23382,3037,612.89,333,0.1299,0.2018,0.1096
CMP-0471,2023-11-12,Email,Q1_Launch,68142,3686,730.68,434,0.0541,0.1982,0.1177
CMP-0472,2023-10-13,Google Ads,Retargeting,83415,1195,177.08,104,0.0143,0.1482,0.087
CMP-0473,2023-06-09,LinkedIn,Summer_Promo,56692,352,127.76,54,0.0062,0.363,0.1534
CMP-0474,2023-03-30,Google Ads,Summer_Promo,3401,1350,81.13,300,0.3969,0.0601,0.2222
CMP-0475,2023-02-27,Email,Q1_Launch,34954,775,244.84,17,0.0222,0.3159,0.0219
CMP-0476,2023-11-15,Google Ads,Q1_Launch,96073,3272,981.34,140,0.0341,0.2999,0.0428
CMP-0477,2023-06-09,Email,Q1_Launch,41859,1762,594.59,62,0.0421,0.3375,0.0352
CMP-0478,2023-02-05,LinkedIn,Q1_Launch,97563,3801,717.06,214,0.039,0.1887,0.0563
CMP-0479,2023-09-07,Google Ads,Summer_Promo,29758,1092,873.35,244,0.0367,0.7998,0.2234
CMP-0480,2023-08-25,Facebook,Summer_Promo,61114,4423,933.52,438,0.0724,0.2111,0.099
CMP-0481,2023-06-28,Google Ads,Black_Friday,43173,968,163.38,190,0.0224,0.1688,0.1963
CMP-0482,2023-10-06,LinkedIn,Retargeting,85946,2822,513.17,332,0.0328,0.1818,0.1176
CMP-0483,2023-01-31,Facebook,Retargeting,57745,1380,535.96,342,0.0239,0.3884,0.2478
CMP-0484,2023-04-08,Google Ads,Summer_Promo,95948,3961,407.77,11,0.0413,0.1029,0.0028
CMP-0485,2023-11-04,Email,Retargeting,94897,2507,886.5,232,0.0264,0.3536,0.0925
CMP-0486,2023-04-15,Google Ads,Retargeting,55098,379,64.66,423,0.0069,0.1706,1.1161
CMP-0487,2023-02-08,LinkedIn,Summer_Promo,25665,452,96.82,184,0.0176,0.2142,0.4071
CMP-0488,2023-10-12,Facebook,Summer_Promo,34117,2000,296.52,348,0.0586,0.1483,0.174
CMP-0489,2023-09-18,LinkedIn,Retargeting,18409,1667,64.94,189,0.0906,0.039,0.1134
CMP-0490,2023-12-31,Email,Black_Friday,42341,4368,998.95,387,0.1032,0.2287,0.0886
CMP-0491,2023-01-01,LinkedIn,Q1_Launch,30921,103,717.63,118,0.0033,6.9673,1.1456
CMP-0492,2023-09-10,Email,Q1_Launch,12596,4112,568.59,213,0.3265,0.1383,0.0518
CMP-0493,2023-09-21,Facebook,Summer_Promo,59930,1165,227.18,68,0.0194,0.195,0.0584
CMP-0494,2023-04-12,LinkedIn,Black_Friday,79135,3520,70.01,416,0.0445,0.0199,0.1182
CMP-0495,2023-11-29,LinkedIn,Retargeting,70098,4722,978.9,263,0.0674,0.2073,0.0557
CMP-0496,2023-08-15,LinkedIn,Black_Friday,93413,4248,941.15,241,0.0455,0.2216,0.0567
CMP-0497,2023-09-17,LinkedIn,Retargeting,11328,3508,953.32,404,0.3097,0.2718,0.1152
CMP-0498,2023-06-10,Facebook,Summer_Promo,10340,3271,118.66,164,0.3163,0.0363,0.0501
CMP-0499,2023-09-21,Facebook,Retargeting,16056,911,381.83,470,0.0567,0.4191,0.5159
CMP-0500,2023-03-08,Facebook,Q1_Launch,1630,2428,942.11,108,1.4896,0.388,0.0445
CMP-0501,2023-09-23,Email,Retargeting,54498,1945,608.27,59,0.0357,0.3127,0.0303
CMP-0502,2023-09-19,Google Ads,Retargeting,25220,4800,817.85,57,0.1903,0.1704,0.0119
CMP-0503,2023-10-10,Facebook,Summer_Promo,89795,4372,702.25,488,0.0487,0.1606,0.1116
CMP-0504,2023-03-08,Email,Retargeting,46501,372,468.04,224,0.008,1.2582,0.6022
CMP-0505,2023-05-31,LinkedIn,Summer_Promo,86903,2186,308.74,342,0.0252,0.1412,0.1565
CMP-0506,2023-06-25,Facebook,Retargeting,45248,824,162.38,21,0.0182,0.1971,0.0255
CMP-0507,2023-06-05,LinkedIn,Retargeting,51330,3603,171.61,280,0.0702,0.0476,0.0777
CMP-0508,2023-10-30,Email,Retargeting,84292,272,364.05,81,0.0032,1.3384,0.2978
CMP-0509,2023-09-28,Facebook,Summer_Promo,30417,4997,565.35,471,0.1643,0.1131,0.0943
CMP-0510,2023-11-05,Google Ads,Q1_Launch,76368,2948,42.72,68,0.0386,0.0145,0.0231
CMP-0511,2023-02-24,LinkedIn,Black_Friday,34120,3388,390.13,23,0.0993,0.1152,0.0068
CMP-0512,2023-05-12,Email,Retargeting,59628,4628,462.26,90,0.0776,0.0999,0.0194
CMP-0513,2023-12-17,Google Ads,Retargeting,94828,1404,604.71,361,0.0148,0.4307,0.2571
CMP-0514,2023-06-14,Facebook,Black_Friday,56253,765,828.76,490,0.0136,1.0833,0.6405
CMP-0515,2023-03-05,Facebook,Q1_Launch,61567,3959,449.84,233,0.0643,0.1136,0.0589
CMP-0516,2023-02-11,Facebook,Black_Friday,96270,4882,591.6,278,0.0507,0.1212,0.0569
CMP-0517,2023-10-21,Email,Retargeting,44077,1197,435.54,429,0.0272,0.3639,0.3584
CMP-0518,2023-06-23,Facebook,Retargeting,36946,1226,472.04,57,0.0332,0.385,0.0465
CMP-0519,2023-02-17,Facebook,Q1_Launch,58239,2003,932.77,328,0.0344,0.4657,0.1638
CMP-0520,2023-05-01,LinkedIn,Summer_Promo,98558,1228,94.52,230,0.0125,0.077,0.1873
CMP-0521,2023-12-20,Google Ads,Retargeting,6881,2911,135.17,142,0.423,0.0464,0.0488
CMP-0522,2023-10-04,LinkedIn,Summer_Promo,21881,369,536.27,148,0.0169,1.4533,0.4011
CMP-0523,2023-09-23,Google Ads,Black_Friday,87433,3470,810.76,410,0.0397,0.2336,0.1182
CMP-0524,2023-08-04,Google Ads,Q1_Launch,33246,248,878.37,388,0.0075,3.5418,1.5645
CMP-0525,2023-01-14,Facebook,Summer_Promo,75607,0,954.53,168,0.0,0.0,0.0
CMP-0526,2023-04-06,Google Ads,Q1_Launch,16744,3019,413.5,137,0.1803,0.137,0.0454
CMP-0527,2023-09-30,Email,Black_Friday,35754,3394,267.97,494,0.0949,0.079,0.1456
CMP-0528,2023-02-08,Facebook,Q1_Launch,24408,3402,983.42,99,0.1394,0.2891,0.0291
CMP-0529,2023-12-10,Google Ads,Retargeting,78714,3116,649.33,26,0.0396,0.2084,0.0083
CMP-0530,2023-05-05,Email,Q1_Launch,70920,3658,677.97,205,0.0516,0.1853,0.056
CMP-0531,2023-11-25,Facebook,Q1_Launch,65453,4349,188.23,279,0.0664,0.0433,0.0642
CMP-0532,2023-11-13,Facebook,Retargeting,23226,2949,968.01,92,0.127,0.3283,0.0312
CMP-0533,2023-07-26,Facebook,Black_Friday,83651,88,58.42,197,0.0011,0.6639,2.2386
CMP-0534,2023-04-28,Facebook,Black_Friday,22851,4763,349.52,358,0.2084,0.0734,0.0752
CMP-0535,2023-02-23,Facebook,Black_Friday,32379,2535,890.21,331,0.0783,0.3512,0.1306
CMP-0536,2023-06-26,Google Ads,Black_Friday,82669,3020,912.91,347,0.0365,0.3023,0.1149
CMP-0537,2023-12-06,LinkedIn,Q1_Launch,1873,4501,476.82,226,2.4031,0.1059,0.0502
CMP-0538,2023-10-25,LinkedIn,Retargeting,55728,2054,727.91,354,0.0369,0.3544,0.1723
CMP-0539,2023-08-01,LinkedIn,Summer_Promo,29674,3176,953.52,304,0.107,0.3002,0.0957
CMP-0540,2023-11-08,Google Ads,Retargeting,41038,3337,727.48,434,0.0813,0.218,0.1301
CMP-0541,2023-12-29,Email,Summer_Promo,76918,4068,385.8,453,0.0529,0.0948,0.1114
CMP-0542,2023-04-19,LinkedIn,Q1_Launch,38758,2527,381.89,107,0.0652,0.1511,0.0423
CMP-0543,2023-07-18,LinkedIn,Black_Friday,32497,265,970.81,75,0.0082,3.6634,0.283
CMP-0544,2023-12-29,Google Ads,Retargeting,20910,2335,584.45,320,0.1117,0.2503,0.137
CMP-0545,2023-03-28,Google Ads,Q1_Launch,76769,3788,185.82,294,0.0493,0.0491,0.0776
CMP-0546,2023-06-25,Email,Retargeting,38551,3097,188.11,46,0.0803,0.0607,0.0149
CMP-0547,2023-10-23,Google Ads,Black_Friday,55117,3082,791.58,460,0.0559,0.2568,0.1493
CMP-0548,2023-02-23,Facebook,Q1_Launch,38404,3610,537.13,278,0.094,0.1488,0.077
CMP-0549,2023-09-19,LinkedIn,Retargeting,33917,3348,876.64,137,0.0987,0.2618,0.0409
CMP-0550,2023-08-05,Facebook,Q1_Launch,31600,2780,808.31,96,0.088,0.2908,0.0345
CMP-0551,2023-11-11,Facebook,Black_Friday,71366,4647,698.61,394,0.0651,0.1503,0.0848
CMP-0552,2023-03-12,Facebook,Summer_Promo,17152,4558,483.31,199,0.2657,0.106,0.0437
CMP-0553,2023-05-14,Email,Q1_Launch,3384,4662,446.07,475,1.3777,0.0957,0.1019
CMP-0554,2023-12-05,Google Ads,Q1_Launch,70396,101,223.08,318,0.0014,2.2087,3.1485
CMP-0555,2023-09-22,Google Ads,Q1_Launch,17316,954,602.95,295,0.0551,0.632,0.3092
CMP-0556,2023-08-24,Email,Summer_Promo,91489,2168,643.5,472,0.0237,0.2968,0.2177
CMP-0557,2023-06-23,Facebook,Retargeting,16659,2620,504.57,327,0.1573,0.1926,0.1248
CMP-0558,2023-12-15,Email,Summer_Promo,62749,200,981.45,405,0.0032,4.9072,2.025
CMP-0559,2023-04-22,Google Ads,Summer_Promo,82163,3306,539.22,299,0.0402,0.1631,0.0904
CMP-0560,2023-08-02,Google Ads,Retargeting,5911,1157,802.63,472,0.1957,0.6937,0.408
CMP-0561,2023-03-04,Facebook,Black_Friday,40922,3524,897.95,398,0.0861,0.2548,0.1129
CMP-0562,2023-10-22,LinkedIn,Black_Friday,52982,1685,458.24,5,0.0318,0.272,0.003
CMP-0563,2023-08-22,Email,Black_Friday,82429,2485,198.33,294,0.0301,0.0798,0.1183
CMP-0564,2023-12-21,Email,Summer_Promo,51363,4338,550.52,167,0.0845,0.1269,0.0385
CMP-0565,2023-09-06,Facebook,Q1_Launch,16810,3090,785.88,115,0.1838,0.2543,0.0372
CMP-0566,2023-09-09,Email,Q1_Launch,5583,577,691.61,447,0.1033,1.1986,0.7747
CMP-0567,2023-03-22,LinkedIn,Q1_Launch,70433,1036,808.79,330,0.0147,0.7807,0.3185
CMP-0568,2023-12-16,Facebook,Retargeting,29053,2919,508.54,332,0.1005,0.1742,0.1137
CMP-0569,2023-09-30,Email,Summer_Promo,52236,2328,763.16,167,0.0446,0.3278,0.0717
CMP-0570,2023-02-07,Email,Q1_Launch,90745,1981,146.68,336,0.0218,0.074,0.1696
CMP-0571,2023-02-28,Google Ads,Retargeting,14314,3943,559.06,341,0.2755,0.1418,0.0865
CMP-0572,2023-12-28,Google Ads,Retargeting,90736,244,657.72,471,0.0027,2.6956,1.9303
CMP-0573,2023-10-24,Email,Q1_Launch,6330,4889,473.95,444,0.7724,0.0969,0.0908
CMP-0574,2023-07-20,Email,Summer_Promo,28660,2291,514.87,414,0.0799,0.2247,0.1807
CMP-0575,2023-03-14,Google Ads,Retargeting,50553,825,981.42,132,0.0163,1.1896,0.16
CMP-0576,2023-05-31,Facebook,Black_Friday,20403,2351,845.29,443,0.1152,0.3595,0.1884
CMP-0577,2023-04-13,Email,Black_Friday,62314,1804,974.83,354,0.029,0.5404,0.1962
CMP-0578,2023-06-23,Google Ads,Summer_Promo,68373,2692,939.43,128,0.0394,0.349,0.0475
CMP-0579,2023-05-25,Facebook,Retargeting,83557,3969,969.31,292,0.0475,0.2442,0.0736
CMP-0580,2023-01-18,Google Ads,Black_Friday,48033,1612,615.53,323,0.0336,0.3818,0.2004
CMP-0581,2023-01-16,Facebook,Q1_Launch,85460,2025,215.72,391,0.0237,0.1065,0.1931
CMP-0582,2023-05-27,Email,Summer_Promo,40530,3347,101.13,335,0.0826,0.0302,0.1001
CMP-0583,2023-06-15,Email,Summer_Promo,14539,2657,475.02,57,0.1827,0.1788,0.0215
CMP-0584,2023-02-18,Facebook,Summer_Promo,31419,2856,762.89,114,0.0909,0.2671,0.0399
CMP-0585,2023-05-11,Facebook,Retargeting,31501,239,194.65,174,0.0076,0.8144,0.728
CMP-0586,2023-06-09,Email,Black_Friday,4796,1587,130.73,360,0.3309,0.0824,0.2268
CMP-0587,2023-11-03,Email,Retargeting,38603,756,871.47,53,0.0196,1.1527,0.0701
CMP-0588,2023-07-26,Email,Q1_Launch,45274,2639,11.65,55,0.0583,0.0044,0.0208
CMP-0589,2023-11-23,Email,Summer_Promo,16222,4517,833.48,82,0.2784,0.1845,0.0182
CMP-0590,2023-03-02,Email,Black_Friday,19096,1405,212.47,270,0.0736,0.1512,0.1922
CMP-0591,2023-07-10,LinkedIn,Black_Friday,75120,1577,655.68,304,0.021,0.4158,0.1928
CMP-0592,2023-03-11,Email,Black_Friday,49803,4435,465.41,244,0.0891,0.1049,0.055
CMP-0593,2023-02-04,LinkedIn,Q1_Launch,16705,614,828.01,431,0.0368,1.3486,0.702
CMP-0594,2023-08-12,Facebook,Retargeting,66091,1341,270.78,336,0.0203,0.2019,0.2506
CMP-0595,2023-11-11,Email,Black_Friday,34382,2993,749.93,325,0.0871,0.2506,0.1086
CMP-0596,2023-01-05,LinkedIn,Summer_Promo,18284,3810,713.63,467,0.2084,0.1873,0.1226
CMP-0597,2023-11-23,Google Ads,Retargeting,35653,3680,235.29,94,0.1032,0.0639,0.0255
CMP-0598,2023-01-19,Email,Q1_Launch,31115,3955,641.37,446,0.1271,0.1622,0.1128
CMP-0599,2023-03-08,Facebook,Black_Friday,12004,1117,992.5,302,0.0931,0.8885,0.2704
CMP-0600,2023-04-30,Facebook,Retargeting,16036,0,938.6,396,0.0,0.0,0.0
CMP-0601,2023-10-07,LinkedIn,Black_Friday,75547,4635,783.82,290,0.0614,0.1691,0.0626
CMP-0602,2023-08-04,Email,Summer_Promo,11380,4522,520.37,190,0.3974,0.1151,0.042
CMP-0603,2023-02-15,Google Ads,Q1_Launch,61439,3675,939.68,174,0.0598,0.2557,0.0473
CMP-0604,2023-08-18,Email,Summer_Promo,39277,4336,977.66,53,0.1104,0.2255,0.0122
CMP-0605,2023-09-02,LinkedIn,Q1_Launch,28014,3392,182.47,218,0.1211,0.0538,0.0643
CMP-0606,2023-07-12,Google Ads,Q1_Launch,86315,1203,223.18,403,0.0139,0.1855,0.335
CMP-0607,2023-09-20,Facebook,Retargeting,82676,2264,309.34,176,0.0274,0.1366,0.0777
CMP-0608,2023-10-23,Email,Q1_Launch,42868,1098,285.48,56,0.0256,0.26,0.051
CMP-0609,2023-01-30,LinkedIn,Retargeting,11153,2840,377.76,327,0.2546,0.133,0.1151
CMP-0610,2023-07-08,LinkedIn,Q1_Launch,62851,3379,691.93,447,0.0538,0.2048,0.1323
CMP-0611,2023-01-19,Google Ads,Summer_Promo,17694,4513,761.45,389,0.2551,0.1687,0.0862
CMP-0612,2023-03-01,Email,Summer_Promo,47218,4863,977.31,208,0.103,0.201,0.0428
CMP-0613,2023-03-06,LinkedIn,Retargeting,27400,512,969.21,160,0.0187,1.893,0.3125
CMP-0614,2023-11-12,Email,Summer_Promo,27478,2308,908.26,415,0.084,0.3935,0.1798
CMP-0615,2023-03-07,Facebook,Q1_Launch,1785,3971,502.88,414,2.2246,0.1266,0.1043
CMP-0616,2023-09-24,Email,Summer_Promo,90217,2775,475.54,343,0.0308,0.1714,0.1236
CMP-0617,2023-08-03,LinkedIn,Retargeting,95589,955,176.48,181,0.01,0.1848,0.1895
CMP-0618,2023-11-19,Email,Summer_Promo,66490,196,68.38,461,0.0029,0.3489,2.352
CMP-0619,2023-02-08,Facebook,Q1_Launch,49229,1000,936.58,251,0.0203,0.9366,0.251
CMP-0620,2023-11-29,Google Ads,Black_Friday,21358,940,787.66,297,0.044,0.8379,0.316
CMP-0621,2023-03-21,Google Ads,Retargeting,78630,4149,506.79,362,0.0528,0.1221,0.0872
CMP-0622,2023-12-29,Google Ads,Summer_Promo,87077,3259,65.01,460,0.0374,0.0199,0.1411
CMP-0623,2023-11-18,LinkedIn,Summer_Promo,82894,4985,921.55,416,0.0601,0.1849,0.0835
CMP-0624,2023-02-23,Email,Black_Friday,82249,667,605.16,478,0.0081,0.9073,0.7166
CMP-0625,2023-01-05,Google Ads,Black_Friday,51346,4571,848.46,248,0.089,0.1856,0.0543
CMP-0626,2023-08-23,Facebook,Summer_Promo,95798,3622,833.18,154,0.0378,0.23,0.0425
CMP-0627,2023-02-09,LinkedIn,Summer_Promo,5320,2072,195.58,331,0.3895,0.0944,0.1597
CMP-0628,2023-09-15,LinkedIn,Summer_Promo,79873,4840,194.65,497,0.0606,0.0402,0.1027
CMP-0629,2023-09-19,LinkedIn,Q1_Launch,61524,4425,938.83,407,0.0719,0.2122,0.092
CMP-0630,2023-07-15,Facebook,Retargeting,91213,2518,870.12,134,0.0276,0.3456,0.0532
CMP-0631,2023-02-20,Email,Retargeting,61110,3599,924.18,35,0.0589,0.2568,0.0097
CMP-0632,2023-11-12,LinkedIn,Q1_Launch,92874,273,937.31,487,0.0029,3.4334,1.7839
CMP-0633,2023-01-03,LinkedIn,Summer_Promo,40749,3943,802.65,266,0.0968,0.2036,0.0675
CMP-0634,2023-04-02,Google Ads,Summer_Promo,46730,2212,440.52,418,0.0473,0.1992,0.189
CMP-0635,2023-04-26,Facebook,Summer_Promo,40198,3220,987.44,114,0.0801,0.3067,0.0354
CMP-0636,2023-01-15,LinkedIn,Q1_Launch,35368,2183,552.17,47,0.0617,0.2529,0.0215
CMP-0637,2023-09-26,LinkedIn,Q1_Launch,78802,367,414.3,104,0.0047,1.1289,0.2834
CMP-0638,2023-11-21,LinkedIn,Retargeting,69199,2405,108.07,241,0.0348,0.0449,0.1002
CMP-0639,2023-12-10,Email,Black_Friday,67986,3924,998.84,5,0.0577,0.2545,0.0013
CMP-0640,2023-01-14,Email,Retargeting,70807,4355,618.51,80,0.0615,0.142,0.0184
CMP-0641,2023-05-27,Facebook,Summer_Promo,79243,3207,545.97,477,0.0405,0.1702,0.1487
CMP-0642,2023-01-05,Facebook,Retargeting,65836,4809,343.47,238,0.073,0.0714,0.0495
CMP-0643,2023-05-31,Facebook,Summer_Promo,73434,592,403.41,477,0.0081,0.6814,0.8057
CMP-0644,2023-09-21,Google Ads,Retargeting,48204,4955,639.68,384,0.1028,0.1291,0.0775
CMP-0645,2023-08-23,Facebook,Q1_Launch,38430,1759,985.94,221,0.0458,0.5605,0.1256
CMP-0646,2023-09-16,Email,Black_Friday,59812,824,981.21,22,0.0138,1.1908,0.0267
CMP-0647,2023-03-25,Email,Q1_Launch,76646,4316,570.81,219,0.0563,0.1323,0.0507
CMP-0648,2023-10-03,Email,Black_Friday,57501,3305,629.5,102,0.0575,0.1905,0.0309
CMP-0649,2023-07-16,Facebook,Retargeting,11099,1346,787.15,383,0.1213,0.5848,0.2845
CMP-0650,2023-12-30,Facebook,Retargeting,92340,793,260.34,362,0.0086,0.3283,0.4565
CMP-0651,2023-09-10,Facebook,Q1_Launch,28838,1516,472.87,184,0.0526,0.3119,0.1214
CMP-0652,2023-03-31,Facebook,Q1_Launch,22187,323,982.96,34,0.0146,3.0432,0.1053
CMP-0653,2023-05-25,Email,Q1_Launch,47369,4618,904.36,63,0.0975,0.1958,0.0136
CMP-0654,2023-05-10,Facebook,Retargeting,81919,81,829.01,448,0.001,10.2347,5.5309
CMP-0655,2023-09-01,Email,Retargeting,10612,3732,779.77,75,0.3517,0.2089,0.0201
CMP-0656,2023-01-03,Facebook,Summer_Promo,1978,4429,193.46,435,2.2391,0.0437,0.0982
CMP-0657,2023-03-15,Facebook,Q1_Launch,16691,3008,341.56,338,0.1802,0.1136,0.1124
CMP-0658,2023-04-12,Facebook,Black_Friday,17677,2833,982.98,3,0.1603,0.347,0.0011
CMP-0659,2023-01-25,Facebook,Summer_Promo,13446,4663,82.68,87,0.3468,0.0177,0.0187
CMP-0660,2023-03-26,Facebook,Q1_Launch,57505,2900,859.33,7,0.0504,0.2963,0.0024
CMP-0661,2023-05-26,Google Ads,Retargeting,57537,3910,45.34,421,0.068,0.0116,0.1077
CMP-0662,2023-10-05,Facebook,Black_Friday,14500,4899,999.98,185,0.3379,0.2041,0.0378
CMP-0663,2023-08-22,Email,Retargeting,65203,768,53.79,93,0.0118,0.07,0.1211
CMP-0664,2023-02-14,Google Ads,Black_Friday,39290,76,864.13,481,0.0019,11.3701,6.3289
CMP-0665,2023-10-22,LinkedIn,Summer_Promo,18150,382,393.43,497,0.021,1.0299,1.301
CMP-0666,2023-10-16,Google Ads,Summer_Promo,97370,2240,693.46,403,0.023,0.3096,0.1799
CMP-0667,2023-05-14,Facebook,Q1_Launch,98543,1278,272.36,414,0.013,0.2131,0.3239
CMP-0668,2023-10-03,Email,Q1_Launch,55689,3079,95.12,490,0.0553,0.0309,0.1591
CMP-0669,2023-09-08,Google Ads,Summer_Promo,67831,3501,944.5,136,0.0516,0.2698,0.0388
CMP-0670,2023-11-29,Email,Retargeting,22432,3782,406.3,239,0.1686,0.1074,0.0632
CMP-0671,2023-01-22,Google Ads,Retargeting,41988,3438,993.8,63,0.0819,0.2891,0.0183
CMP-0672,2023-05-29,Email,Q1_Launch,3874,891,673.13,365,0.23,0.7555,0.4097
CMP-0673,2023-11-07,LinkedIn,Summer_Promo,49355,4567,556.01,478,0.0925,0.1217,0.1047
CMP-0674,2023-08-16,Facebook,Black_Friday,2687,4475,396.73,67,1.6654,0.0887,0.015
CMP-0675,2023-05-07,Email,Black_Friday,62388,0,694.19,148,0.0,0.0,0.0
CMP-0676,2023-03-25,Google Ads,Retargeting,46247,208,712.12,40,0.0045,3.4237,0.1923
CMP-0677,2023-07-03,Facebook,Q1_Launch,16064,1227,210.93,193,0.0764,0.1719,0.1573
CMP-0678,2023-09-08,LinkedIn,Q1_Launch,11992,4822,399.77,137,0.4021,0.0829,0.0284
CMP-0679,2023-04-16,Email,Summer_Promo,58695,1348,942.39,320,0.023,0.6991,0.2374
CMP-0680,2023-04-14,Facebook,Black_Friday,12995,576,455.16,184,0.0443,0.7902,0.3194
CMP-0681,2023-01-12,Email,Black_Friday,55900,3683,382.79,3,0.0659,0.1039,0.0008
CMP-0682,2023-10-30,LinkedIn,Black_Friday,12440,3290,545.89,8,0.2645,0.1659,0.0024
CMP-0683,2023-06-17,Google Ads,Q1_Launch,30294,3626,781.66,111,0.1197,0.2156,0.0306
CMP-0684,2023-12-15,Email,Black_Friday,19249,3401,483.05,80,0.1767,0.142,0.0235
CMP-0685,2023-10-18,Facebook,Summer_Promo,12424,3945,480.13,473,0.3175,0.1217,0.1199
CMP-0686,2023-02-24,Facebook,Black_Friday,75969,1609,932.01,281,0.0212,0.5792,0.1746
CMP-0687,2023-04-12,LinkedIn,Q1_Launch,19197,3927,388.28,482,0.2046,0.0989,0.1227
CMP-0688,2023-01-12,Google Ads,Q1_Launch,37185,4273,119.24,193,0.1149,0.0279,0.0452
CMP-0689,2023-07-10,LinkedIn,Q1_Launch,36033,3053,545.0,23,0.0847,0.1785,0.0075
CMP-0690,2023-01-12,Facebook,Q1_Launch,28205,1921,87.07,51,0.0681,0.0453,0.0265
CMP-0691,2023-06-10,Google Ads,Summer_Promo,25692,819,861.74,489,0.0319,1.0522,0.5971
CMP-0692,2023-02-10,LinkedIn,Q1_Launch,84017,1503,471.57,170,0.0179,0.3138,0.1131
CMP-0693,2023-12-24,Email,Summer_Promo,99817,4070,154.43,456,0.0408,0.0379,0.112
CMP-0694,2023-01-28,Google Ads,Black_Friday,93913,4206,177.33,30,0.0448,0.0422,0.0071
CMP-0695,2023-10-14,Facebook,Black_Friday,93740,1858,233.59,74,0.0198,0.1257,0.0398
CMP-0696,2023-08-09,Email,Retargeting,4478,2869,847.89,477,0.6407,0.2955,0.1663
CMP-0697,2023-04-24,Email,Q1_Launch,24563,3919,620.17,31,0.1595,0.1582,0.0079
CMP-0698,2023-03-28,Facebook,Retargeting,88933,2990,620.81,446,0.0336,0.2076,0.1492
CMP-0699,2023-07-22,Facebook,Q1_Launch,23897,1506,424.04,175,0.063,0.2816,0.1162
CMP-0700,2023-01-18,Facebook,Retargeting,30332,2551,893.55,142,0.0841,0.3503,0.0557
CMP-0701,2023-03-11,LinkedIn,Summer_Promo,31593,409,208.75,492,0.0129,0.5104,1.2029
CMP-0702,2023-08-02,LinkedIn,Retargeting,90717,2058,191.83,429,0.0227,0.0932,0.2085
CMP-0703,2023-09-18,Facebook,Retargeting,92765,4303,437.26,126,0.0464,0.1016,0.0293
CMP-0704,2023-05-14,Facebook,Q1_Launch,21696,4804,732.81,237,0.2214,0.1525,0.0493
CMP-0705,2023-06-27,Email,Q1_Launch,88188,1836,487.32,29,0.0208,0.2654,0.0158
CMP-0706,2023-01-30,Facebook,Q1_Launch,52443,869,47.15,207,0.0166,0.0543,0.2382
CMP-0707,2023-06-19,Facebook,Retargeting,2536,3815,503.32,0,1.5043,0.1319,0.0
CMP-0708,2023-02-08,LinkedIn,Q1_Launch,3080,3561,940.22,2,1.1562,0.264,0.0006
CMP-0709,2023-06-23,LinkedIn,Retargeting,6148,340,527.26,156,0.0553,1.5508,0.4588
CMP-0710,2023-01-11,Google Ads,Summer_Promo,79331,2604,820.04,468,0.0328,0.3149,0.1797
CMP-0711,2023-11-25,LinkedIn,Retargeting,27594,3985,376.88,277,0.1444,0.0946,0.0695
CMP-0712,2023-07-28,Google Ads,Retargeting,82963,1389,732.0,23,0.0167,0.527,0.0166
CMP-0713,2023-03-23,Email,Q1_Launch,1202,4713,909.39,108,3.921,0.193,0.0229
CMP-0714,2023-09-03,Facebook,Black_Friday,79683,3595,352.3,69,0.0451,0.098,0.0192
CMP-0715,2023-05-29,Google Ads,Black_Friday,2979,815,62.52,176,0.2736,0.0767,0.216
CMP-0716,2023-10-22,Google Ads,Black_Friday,81214,1585,968.99,334,0.0195,0.6114,0.2107
CMP-0717,2023-04-05,Email,Black_Friday,90625,3989,503.54,195,0.044,0.1262,0.0489
CMP-0718,2023-09-13,Email,Retargeting,20118,320,23.38,368,0.0159,0.0731,1.15
CMP-0719,2023-11-02,Facebook,Retargeting,84686,3566,346.2,179,0.0421,0.0971,0.0502
CMP-0720,2023-06-04,Email,Retargeting,97423,115,801.88,48,0.0012,6.9729,0.4174
CMP-0721,2023-12-11,Email,Black_Friday,74456,4804,783.68,372,0.0645,0.1631,0.0774
CMP-0722,2023-10-05,Email,Retargeting,37178,1935,695.68,18,0.052,0.3595,0.0093
CMP-0723,2023-10-22,Google Ads,Retargeting,80888,3878,976.75,473,0.0479,0.2519,0.122
CMP-0724,2023-11-05,LinkedIn,Retargeting,70446,4992,903.89,118,0.0709,0.1811,0.0236
CMP-0725,2023-10-03,Google Ads,Summer_Promo,65859,2962,560.58,376,0.045,0.1893,0.1269
CMP-0726,2023-03-19,LinkedIn,Q1_Launch,69742,938,40.5,441,0.0134,0.0432,0.4701
CMP-0727,2023-05-05,Google Ads,Black_Friday,74528,3956,907.34,151,0.0531,0.2294,0.0382
CMP-0728,2023-01-06,LinkedIn,Black_Friday,58277,1641,84.2,301,0.0282,0.0513,0.1834
CMP-0729,2023-03-12,Email,Retargeting,60923,2890,175.29,129,0.0474,0.0607,0.0446
CMP-0730,2023-06-05,Email,Black_Friday,89061,800,31.32,309,0.009,0.0392,0.3862
CMP-0731,2023-08-09,Google Ads,Retargeting,15970,4849,64.38,372,0.3036,0.0133,0.0767
CMP-0732,2023-05-15,Email,Retargeting,64961,1976,248.01,454,0.0304,0.1255,0.2298
CMP-0733,2023-12-28,LinkedIn,Black_Friday,83633,3876,204.96,69,0.0463,0.0529,0.0178
CMP-0734,2023-12-20,LinkedIn,Black_Friday,96543,3425,261.0,77,0.0355,0.0762,0.0225
CMP-0735,2023-10-07,Email,Retargeting,29635,1587,865.93,322,0.0536,0.5456,0.2029
CMP-0736,2023-12-01,Google Ads,Black_Friday,20344,189,845.2,281,0.0093,4.472,1.4868
CMP-0737,2023-12-08,Email,Q1_Launch,38714,229,733.24,89,0.0059,3.2019,0.3886
CMP-0738,2023-11-14,Facebook,Black_Friday,86244,1435,395.06,424,0.0166,0.2753,0.2955
CMP-0739,2023-03-21,LinkedIn,Q1_Launch,54963,2870,858.69,64,0.0522,0.2992,0.0223
CMP-0740,2023-11-07,Email,Summer_Promo,20663,2530,896.88,185,0.1224,0.3545,0.0731
CMP-0741,2023-04-29,LinkedIn,Black_Friday,56678,4633,711.41,411,0.0817,0.1536,0.0887
CMP-0742,2023-11-09,LinkedIn,Retargeting,63727,2094,58.0,338,0.0329,0.0277,0.1614
CMP-0743,2023-03-06,Email,Q1_Launch,69146,770,153.92,437,0.0111,0.1999,0.5675
CMP-0744,2023-07-04,Google Ads,Q1_Launch,28923,1043,252.82,244,0.0361,0.2424,0.2339
CMP-0745,2023-09-13,LinkedIn,Black_Friday,87856,3115,713.04,78,0.0355,0.2289,0.025
CMP-0746,2023-09-01,Google Ads,Q1_Launch,37586,2866,432.7,268,0.0763,0.151,0.0935
CMP-0747,2023-05-11,Facebook,Black_Friday,44066,3501,565.82,363,0.0794,0.1616,0.1037
CMP-0748,2023-03-28,Google Ads,Retargeting,51974,1311,59.86,419,0.0252,0.0457,0.3196
CMP-0749,2023-07-25,Google Ads,Summer_Promo,34934,774,352.02,11,0.0222,0.4548,0.0142
CMP-0750,2023-09-06,Google Ads,Black_Friday,3197,0,261.2,459,0.0,0.0,0.0
CMP-0751,2023-05-14,LinkedIn,Summer_Promo,73857,545,124.18,43,0.0074,0.2279,0.0789
CMP-0752,2023-01-16,LinkedIn,Q1_Launch,5423,2963,932.36,471,0.5464,0.3147,0.159
CMP-0753,2023-05-05,Email,Summer_Promo,4776,4857,523.31,185,1.017,0.1077,0.0381
CMP-0754,2023-07-23,Google Ads,Black_Friday,25508,4078,456.11,67,0.1599,0.1118,0.0164
CMP-0755,2023-11-23,Google Ads,Summer_Promo,24653,2066,536.93,172,0.0838,0.2599,0.0833
CMP-0756,2023-08-17,LinkedIn,Summer_Promo,52565,1635,272.54,267,0.0311,0.1667,0.1633
CMP-0757,2023-09-26,Email,Summer_Promo,67226,4458,816.08,3,0.0663,0.1831,0.0007
CMP-0758,2023-10-05,LinkedIn,Q1_Launch,89256,2912,653.25,494,0.0326,0.2243,0.1696
CMP-0759,2023-06-24,Email,Black_Friday,49597,1012,996.59,37,0.0204,0.9848,0.0366
CMP-0760,2023-07-18,Google Ads,Black_Friday,12933,1997,778.39,20,0.1544,0.3898,0.01
CMP-0761,2023-09-11,Google Ads,Black_Friday,93171,3844,464.71,273,0.0413,0.1209,0.071
CMP-0762,2023-01-15,Facebook,Black_Friday,43681,3971,914.21,372,0.0909,0.2302,0.0937
CMP-0763,2023-10-03,Google Ads,Q1_Launch,80677,459,280.31,417,0.0057,0.6107,0.9085
CMP-0764,2023-07-27,Google Ads,Summer_Promo,9562,1081,642.36,148,0.1131,0.5942,0.1369
CMP-0765,2023-08-24,Google Ads,Black_Friday,14391,4637,891.87,145,0.3222,0.1923,0.0313
CMP-0766,2023-11-12,Email,Black_Friday,93864,3372,634.17,154,0.0359,0.1881,0.0457
CMP-0767,2023-06-11,Facebook,Summer_Promo,37139,3855,830.02,86,0.1038,0.2153,0.0223
CMP-0768,2023-10-17,LinkedIn,Retargeting,34383,3328,815.44,423,0.0968,0.245,0.1271
CMP-0769,2023-01-12,LinkedIn,Black_Friday,59989,2693,471.42,360,0.0449,0.1751,0.1337
CMP-0770,2023-04-15,Email,Retargeting,78270,1541,300.26,61,0.0197,0.1948,0.0396
CMP-0771,2023-10-27,LinkedIn,Retargeting,76439,2347,931.85,222,0.0307,0.397,0.0946
CMP-0772,2023-08-28,Google Ads,Summer_Promo,32232,2848,166.12,69,0.0884,0.0583,0.0242
CMP-0773,2023-08-10,Facebook,Q1_Launch,6846,1728,381.54,185,0.2524,0.2208,0.1071
CMP-0774,2023-04-21,LinkedIn,Summer_Promo,55169,195,996.55,282,0.0035,5.1105,1.4462
CMP-0775,2023-07-25,Email,Black_Friday,9888,427,751.14,364,0.0432,1.7591,0.8525
CMP-0776,2023-05-12,Facebook,Black_Friday,71211,2895,691.19,99,0.0407,0.2388,0.0342
CMP-0777,2023-07-06,Email,Black_Friday,1050,1216,641.7,434,1.1581,0.5277,0.3569
CMP-0778,2023-10-30,Facebook,Retargeting,86325,1376,198.88,172,0.0159,0.1445,0.125
CMP-0779,2023-05-17,LinkedIn,Q1_Launch,42442,1432,926.76,325,0.0337,0.6472,0.227
CMP-0780,2023-09-23,Google Ads,Summer_Promo,91750,446,478.33,476,0.0049,1.0725,1.0673
CMP-0781,2023-07-11,Google Ads,Q1_Launch,96523,3404,783.37,478,0.0353,0.2301,0.1404
CMP-0782,2023-07-07,Email,Summer_Promo,83217,1738,334.62,48,0.0209,0.1925,0.0276
CMP-0783,2023-12-02,Google Ads,Black_Friday,49930,3932,670.74,368,0.0788,0.1706,0.0936
CMP-0784,2023-06-11,Email,Black_Friday,35528,71,212.31,233,0.002,2.9903,3.2817
CMP-0785,2023-11-15,Facebook,Retargeting,55063,1276,171.63,242,0.0232,0.1345,0.1897
CMP-0786,2023-10-09,Facebook,Black_Friday,7069,4032,647.34,292,0.5704,0.1606,0.0724
CMP-0787,2023-08-17,Google Ads,Summer_Promo,57881,4129,380.84,51,0.0713,0.0922,0.0124
CMP-0788,2023-02-13,Email,Black_Friday,89409,4453,784.87,18,0.0498,0.1763,0.004
CMP-0789,2023-10-30,Google Ads,Q1_Launch,18724,496,521.05,99,0.0265,1.0505,0.1996
CMP-0790,2023-08-11,LinkedIn,Summer_Promo,21860,2271,586.71,196,0.1039,0.2583,0.0863
CMP-0791,2023-11-21,Facebook,Q1_Launch,8946,3395,568.16,340,0.3795,0.1674,0.1001
CMP-0792,2023-04-19,Google Ads,Q1_Launch,92665,2112,592.86,75,0.0228,0.2807,0.0355
CMP-0793,2023-03-11,Google Ads,Summer_Promo,17907,4159,759.18,482,0.2323,0.1825,0.1159
CMP-0794,2023-02-11,Facebook,Retargeting,86904,4059,462.38,490,0.0467,0.1139,0.1207
CMP-0795,2023-05-23,Google Ads,Q1_Launch,4303,1963,285.6,79,0.4562,0.1455,0.0402
CMP-0796,2023-05-04,Email,Black_Friday,90452,3581,808.99,335,0.0396,0.2259,0.0935
CMP-0797,2023-01-24,Google Ads,Retargeting,46162,2859,565.43,468,0.0619,0.1978,0.1637
CMP-0798,2023-03-22,Google Ads,Q1_Launch,78307,116,408.5,323,0.0015,3.5216,2.7845
CMP-0799,2023-06-20,LinkedIn,Retargeting,89039,2566,52.12,97,0.0288,0.0203,0.0378
