campaign_id,date,platform,campaign_name,impressions,clicks,spend,conversions
CMP-0000,2023-12-18,Google Ads,Summer_Promo,91660,0,673.74,80
CMP-0001,2023-01-12,Google Ads,Black_Friday,19338,3308,952.82,483
CMP-0002,2023-12-04,Google Ads,Retargeting,53604,669,764.63,146
CMP-0003,2023-11-23,Facebook,Retargeting,76636,1170,187.56,5
CMP-0004,2023-03-05,Google Ads,Retargeting,33866,767,727.84,71
CMP-0005,2023-03-29,Google Ads,Q1_Launch,74194,411,104.43,406
CMP-0006,2023-03-17,LinkedIn,Q1_Launch,52573,4387,431.53,46
CMP-0007,2023-02-10,LinkedIn,Summer_Promo,80697,889,648.92,410
CMP-0008,2023-05-13,LinkedIn,Q1_Launch,37063,1597,174.16,98
CMP-0009,2023-03-05,Facebook,Q1_Launch,78500,2388,116.45,162
CMP-0010,2023-09-03,LinkedIn,Q1_Launch,16406,1562,910.26,495
CMP-0011,2023-11-13,Facebook,Q1_Launch,67707,3002,252.29,269
CMP-0012,2023-08-09,Google Ads,Summer_Promo,71029,4284,97.9,119
CMP-0013,2023-07-12,LinkedIn,Black_Friday,86411,3187,105.88,336
CMP-0014,2023-04-21,Facebook,Black_Friday,80502,3370,879.56,182
CMP-0015,2023-01-06,Google Ads,Summer_Promo,9569,3661,309.55,131
CMP-0016,2023-02-10,Google Ads,Black_Friday,95598,2411,306.69,173
CMP-0017,2023-02-19,Facebook,Summer_Promo,60499,2504,418.1,238
CMP-0018,2023-12-06,LinkedIn,Black_Friday,64724,4339,360.74,80
CMP-0019,2023-04-22,Email,Q1_Launch,87936,2945,192.04,264
CMP-0020,2023-05-17,Facebook,Retargeting,9095,3660,600.45,422
CMP-0021,2023-03-01,LinkedIn,Black_Friday,18929,4519,774.21,87
CMP-0022,2023-02-14,Email,Q1_Launch,86151,215,127.23,56
CMP-0023,2023-11-25,Facebook,Summer_Promo,26740,829,48.05,340
CMP-0024,2023-09-07,Facebook,Summer_Promo,36760,3261,921.2,210
CMP-0025,2023-10-03,Google Ads,Retargeting,15960,1082,802.87,157
CMP-0026,2023-05-07,Google Ads,Black_Friday,3123,4254,412.33,404
CMP-0027,2023-03-18,Google Ads,Retargeting,5377,1296,373.45,485
CMP-0028,2023-08-12,Google Ads,Black_Friday,1085,1252,916.38,417
CMP-0029,2023-04-18,LinkedIn,Q1_Launch,7805,1415,547.62,484
CMP-0030,2023-12-10,Google Ads,Retargeting,63925,2567,999.75,297
CMP-0031,2023-04-16,Email,Summer_Promo,38444,4165,242.51,146
CMP-0032,2023-08-28,Email,Black_Friday,94843,563,630.31,490
CMP-0033,2023-09-22,LinkedIn,Q1_Launch,16863,2782,146.66,211
CMP-0034,2023-03-04,Google Ads,Retargeting,47530,3268,517.97,19
CMP-0035,2023-06-14,Google Ads,Summer_Promo,62766,3294,52.69,468
CMP-0036,2023-04-10,Facebook,Q1_Launch,99505,4032,752.93,326
CMP-0037,2023-10-12,Google Ads,Q1_Launch,1433,2252,489.41,9
CMP-0038,2023-11-16,LinkedIn,Retargeting,71555,4312,280.38,334
CMP-0039,2023-01-08,Google Ads,Summer_Promo,88210,3985,163.17,345
CMP-0040,2023-04-14,LinkedIn,Retargeting,92681,4953,879.78,412
CMP-0041,2023-10-22,Email,Black_Friday,31557,396,831.74,422
CMP-0042,2023-08-27,Google Ads,Summer_Promo,13537,228,428.34,185
CMP-0043,2023-11-26,Facebook,Black_Friday,94735,2797,814.01,452
CMP-0044,2023-11-24,Email,Black_Friday,62120,4375,869.71,413
CMP-0045,2023-04-14,LinkedIn,Black_Friday,74193,1876,119.35,31
CMP-0046,2023-10-28,LinkedIn,Retargeting,82522,2453,962.35,403
CMP-0047,2023-01-01,LinkedIn,Black_Friday,2405,4670,182.89,438
CMP-0048,2023-04-27,LinkedIn,Q1_Launch,14677,3028,90.16,438
CMP-0049,2023-12-29,LinkedIn,Q1_Launch,25634,3390,920.73,370
CMP-0050,2023-05-21,LinkedIn,Retargeting,85369,1744,275.69,168
CMP-0051,2023-10-01,Facebook,Summer_Promo,66663,1012,681.13,480
CMP-0052,2023-09-06,Facebook,Q1_Launch,66851,4829,628.66,329
CMP-0053,2023-07-23,Google Ads,Q1_Launch,42927,2499,175.78,248
CMP-0054,2023-12-20,LinkedIn,Retargeting,80851,1499,187.37,167
CMP-0055,2023-06-02,Google Ads,Retargeting,96873,4736,512.09,323
CMP-0056,2023-06-14,LinkedIn,Summer_Promo,51671,480,807.28,65
CMP-0057,2023-07-11,Facebook,Summer_Promo,6402,94,502.71,395
CMP-0058,2023-10-03,Email,Black_Friday,39309,2769,776.68,473
CMP-0059,2023-01-31,LinkedIn,Q1_Launch,81802,97,729.06,44
CMP-0060,2023-01-11,LinkedIn,Summer_Promo,22507,1068,683.42,222
CMP-0061,2023-04-14,Email,Black_Friday,25909,885,128.05,53
CMP-0062,2023-10-04,Google Ads,Q1_Launch,47208,1103,873.81,51
CMP-0063,2023-09-22,Facebook,Summer_Promo,86182,3617,108.78,120
CMP-0064,2023-12-09,Facebook,Retargeting,70277,3592,125.39,317
CMP-0065,2023-10-10,Google Ads,Summer_Promo,93975,3231,915.13,380
CMP-0066,2023-12-10,LinkedIn,Summer_Promo,18790,1777,231.0,113
CMP-0067,2023-06-24,Facebook,Retargeting,49884,4064,773.35,110
CMP-0068,2023-02-17,Email,Retargeting,10689,4076,199.81,280
CMP-0069,2023-08-18,Email,Black_Friday,41721,284,628.05,40
CMP-0070,2023-08-03,LinkedIn,Retargeting,66071,4440,116.78,354
CMP-0071,2023-05-18,Facebook,Retargeting,55263,369,762.08,154
CMP-0072,2023-06-23,LinkedIn,Retargeting,17491,1274,467.41,159
CMP-0073,2023-02-28,LinkedIn,Summer_Promo,71887,3099,678.63,167
CMP-0074,2023-08-28,Email,Retargeting,7175,2650,98.72,207
CMP-0075,2023-04-03,LinkedIn,Summer_Promo,80651,0,509.43,475
CMP-0076,2023-04-24,Email,Black_Friday,17747,1854,368.58,391
CMP-0077,2023-01-29,Google Ads,Retargeting,27835,2650,642.31,348
CMP-0078,2023-01-04,Facebook,Black_Friday,17372,4444,307.15,65
CMP-0079,2023-12-06,Email,Summer_Promo,6831,1837,448.27,482
CMP-0080,2023-12-07,Email,Q1_Launch,71600,2495,642.24,140
CMP-0081,2023-10-31,Email,Summer_Promo,93186,912,250.55,449
CMP-0082,2023-01-15,LinkedIn,Q1_Launch,76876,1595,843.96,352
CMP-0083,2023-09-08,Email,Retargeting,10232,1034,696.85,385
CMP-0084,2023-07-17,Google Ads,Retargeting,1512,2722,243.34,328
CMP-0085,2023-07-17,Google Ads,Summer_Promo,62362,2336,77.21,94
CMP-0086,2023-05-01,LinkedIn,Black_Friday,23152,301,677.22,466
CMP-0087,2023-09-20,Facebook,Retargeting,42601,4840,869.97,7
CMP-0088,2023-04-14,LinkedIn,Retargeting,89961,3042,402.2,398
CMP-0089,2023-08-18,LinkedIn,Summer_Promo,24722,2200,510.85,296
CMP-0090,2023-03-13,LinkedIn,Summer_Promo,77188,3107,970.32,50
CMP-0091,2023-12-24,LinkedIn,Black_Friday,62288,1942,84.24,119
CMP-0092,2023-09-02,Google Ads,Black_Friday,33035,2955,76.25,236
CMP-0093,2023-06-13,LinkedIn,Q1_Launch,97366,4073,504.56,171
CMP-0094,2023-07-27,Facebook,Q1_Launch,82344,4128,818.62,313
CMP-0095,2023-08-15,LinkedIn,Summer_Promo,75132,4842,774.59,28
CMP-0096,2023-12-05,Google Ads,Q1_Launch,13693,413,142.15,341
CMP-0097,2023-02-16,Google Ads,Retargeting,2136,677,324.04,338
CMP-0098,2023-05-12,LinkedIn,Retargeting,28947,4240,480.63,336
CMP-0099,2023-02-16,Email,Black_Friday,87437,4365,876.53,386
CMP-0100,2023-10-13,LinkedIn,Summer_Promo,56641,2718,777.04,182
CMP-0101,2023-05-30,Email,Q1_Launch,97501,643,295.05,60
CMP-0102,2023-01-22,Email,Q1_Launch,94984,257,787.48,238
CMP-0103,2023-01-24,Email,Q1_Launch,13276,1248,605.61,431
CMP-0104,2023-08-24,Email,Black_Friday,48554,2036,877.76,58
CMP-0105,2023-09-12,Facebook,Summer_Promo,1898,1463,142.63,331
CMP-0106,2023-04-05,Facebook,Retargeting,45287,2884,308.0,263
CMP-0107,2023-12-23,Email,Retargeting,52049,3412,28.72,81
CMP-0108,2023-07-19,Email,Summer_Promo,54122,4079,795.42,377
CMP-0109,2023-10-04,Email,Black_Friday,19560,736,165.5,102
CMP-0110,2023-01-28,Email,Summer_Promo,59970,754,840.87,207
CMP-0111,2023-01-06,Facebook,Q1_Launch,86082,4645,747.95,250
CMP-0112,2023-11-02,LinkedIn,Summer_Promo,39214,4165,437.44,313
CMP-0113,2023-08-06,Google Ads,Retargeting,26013,1689,391.84,331
CMP-0114,2023-07-11,Google Ads,Retargeting,84051,1946,693.55,44
CMP-0115,2023-03-24,Email,Summer_Promo,53441,108,632.96,478
CMP-0116,2023-03-19,LinkedIn,Black_Friday,15366,3898,460.9,196
CMP-0117,2023-12-25,Google Ads,Q1_Launch,35452,3647,12.12,36
CMP-0118,2023-05-12,Google Ads,Summer_Promo,13023,4884,844.73,104
CMP-0119,2023-07-04,Email,Retargeting,63740,2838,79.0,455
CMP-0120,2023-05-23,Google Ads,Q1_Launch,15356,4124,497.77,278
CMP-0121,2023-02-19,Email,Q1_Launch,23793,320,810.67,460
CMP-0122,2023-12-10,Facebook,Retargeting,18927,2793,178.43,253
CMP-0123,2023-02-22,Facebook,Summer_Promo,88143,4204,650.34,306
CMP-0124,2023-09-11,LinkedIn,Summer_Promo,59749,390,156.49,391
CMP-0125,2023-10-08,Google Ads,Retargeting,11852,1553,872.82,137
CMP-0126,2023-06-30,LinkedIn,Retargeting,97102,1117,285.91,370
CMP-0127,2023-11-13,LinkedIn,Q1_Launch,45097,736,244.27,260
CMP-0128,2023-10-31,LinkedIn,Summer_Promo,21677,224,738.32,276
CMP-0129,2023-10-13,LinkedIn,Retargeting,31087,4727,852.9,40
CMP-0130,2023-11-13,LinkedIn,Retargeting,58106,1853,920.45,154
CMP-0131,2023-11-06,Google Ads,Q1_Launch,50693,2777,871.69,99
CMP-0132,2023-02-10,Facebook,Black_Friday,10541,2948,490.28,400
CMP-0133,2023-08-08,Email,Q1_Launch,96963,401,696.73,340
CMP-0134,2023-10-29,Email,Summer_Promo,54300,2579,701.98,243
CMP-0135,2023-04-08,LinkedIn,Q1_Launch,29123,1005,134.21,256
CMP-0136,2023-10-20,Email,Retargeting,31520,4641,402.92,343
CMP-0137,2023-06-16,Google Ads,Q1_Launch,66969,1531,558.06,333
CMP-0138,2023-05-18,Email,Black_Friday,65561,1967,393.93,70
CMP-0139,2023-05-06,LinkedIn,Summer_Promo,78994,182,734.65,389
CMP-0140,2023-02-22,LinkedIn,Summer_Promo,41206,355,347.64,82
CMP-0141,2023-03-09,Email,Black_Friday,16119,3875,65.72,447
CMP-0142,2023-10-27,LinkedIn,Summer_Promo,72535,3900,156.4,458
CMP-0143,2023-05-10,LinkedIn,Retargeting,87761,785,248.2,411
CMP-0144,2023-03-21,Facebook,Black_Friday,4978,1514,717.99,46
CMP-0145,2023-03-10,LinkedIn,Q1_Launch,21000,1994,328.08,367
CMP-0146,2023-07-16,Facebook,Summer_Promo,59713,4122,923.46,53
CMP-0147,2023-03-03,LinkedIn,Q1_Launch,82966,3504,744.25,329
CMP-0148,2023-05-27,LinkedIn,Summer_Promo,42225,1506,147.65,243
CMP-0149,2023-11-04,Email,Black_Friday,66762,3798,524.41,342
CMP-0150,2023-09-28,Facebook,Summer_Promo,91341,0,528.52,37
CMP-0151,2023-03-29,LinkedIn,Q1_Launch,33327,143,831.85,291
CMP-0152,2023-02-16,LinkedIn,Retargeting,92088,1428,106.56,185
CMP-0153,2023-02-22,Email,Black_Friday,82497,1804,463.94,221
CMP-0154,2023-05-25,Facebook,Black_Friday,70969,4480,831.14,333
CMP-0155,2023-03-26,Email,Q1_Launch,72304,753,805.47,168
CMP-0156,2023-01-11,LinkedIn,Black_Friday,19408,723,600.82,364
CMP-0157,2023-07-10,Google Ads,Q1_Launch,47599,2966,367.34,392
CMP-0158,2023-12-29,LinkedIn,Summer_Promo,3997,400,753.41,378
CMP-0159,2023-04-07,LinkedIn,Retargeting,30504,463,682.0,237
CMP-0160,2023-05-03,Facebook,Black_Friday,93788,4413,161.7,299
CMP-0161,2023-08-24,LinkedIn,Summer_Promo,21214,2915,613.84,281
CMP-0162,2023-07-05,LinkedIn,Q1_Launch,52832,3740,944.22,401
CMP-0163,2023-06-01,Email,Black_Friday,6848,4529,580.07,158
CMP-0164,2023-01-27,Facebook,Summer_Promo,52602,2114,956.8,287
CMP-0165,2023-03-18,Email,Retargeting,40747,160,632.83,110
CMP-0166,2023-03-08,Google Ads,Black_Friday,76911,888,123.1,287
CMP-0167,2023-08-21,Google Ads,Retargeting,19617,280,194.5,138
CMP-0168,2023-02-24,Google Ads,Q1_Launch,5458,4418,578.63,126
CMP-0169,2023-05-26,Facebook,Black_Friday,9437,2662,556.74,284
CMP-0170,2023-07-13,Google Ads,Black_Friday,11078,1243,185.47,163
CMP-0171,2023-07-05,LinkedIn,Summer_Promo,81217,2935,329.9,237
CMP-0172,2023-09-16,Google Ads,Q1_Launch,37831,2451,510.58,226
CMP-0173,2023-03-22,Email,Black_Friday,70448,955,589.57,143
CMP-0174,2023-02-20,LinkedIn,Retargeting,83487,1146,49.33,259
CMP-0175,2023-11-19,Google Ads,Retargeting,70431,439,799.07,320
CMP-0176,2023-03-30,Facebook,Summer_Promo,23615,4968,279.95,473
CMP-0177,2023-03-21,LinkedIn,Retargeting,45277,3051,452.19,396
CMP-0178,2023-12-16,Google Ads,Summer_Promo,93900,3906,159.07,104
CMP-0179,2023-01-07,LinkedIn,Q1_Launch,76978,2535,902.85,86
CMP-0180,2023-12-15,Facebook,Q1_Launch,22190,3308,511.32,444
CMP-0181,2023-02-12,Email,Retargeting,84411,4336,609.6,331
CMP-0182,2023-01-23,Facebook,Q1_Launch,42689,1788,761.25,6
CMP-0183,2023-09-02,LinkedIn,Q1_Launch,3254,4161,687.12,228
CMP-0184,2023-04-08,Facebook,Q1_Launch,34345,4053,916.73,250
CMP-0185,2023-04-21,Email,Retargeting,31350,2031,705.41,449
CMP-0186,2023-03-13,LinkedIn,Summer_Promo,40655,3492,408.07,344
CMP-0187,2023-07-28,Google Ads,Retargeting,35212,3362,830.86,232
CMP-0188,2023-08-10,Email,Retargeting,71881,4560,608.63,255
CMP-0189,2023-07-12,Email,Retargeting,78102,3807,510.28,249
CMP-0190,2023-12-31,Email,Black_Friday,23261,2208,138.92,242
CMP-0191,2023-03-05,LinkedIn,Black_Friday,45451,3888,392.21,339
CMP-0192,2023-12-26,Email,Summer_Promo,2945,90,234.69,118
CMP-0193,2023-07-28,LinkedIn,Q1_Launch,80506,4199,997.02,263
CMP-0194,2023-10-29,Facebook,Q1_Launch,98861,2814,844.8,292
CMP-0195,2023-12-26,Email,Black_Friday,71037,2734,493.96,291
CMP-0196,2023-04-14,Google Ads,Q1_Launch,41219,3901,995.66,354
CMP-0197,2023-06-13,Facebook,Q1_Launch,26663,349,269.4,318
CMP-0198,2023-01-26,Email,Summer_Promo,24992,2015,598.03,101
CMP-0199,2023-08-12,Email,Q1_Launch,43206,3443,302.55,249
CMP-0200,2023-03-17,Facebook,Black_Friday,92764,1125,641.9,265
CMP-0201,2023-01-12,Google Ads,Summer_Promo,69918,3330,189.84,278
CMP-0202,2023-11-29,LinkedIn,Q1_Launch,31702,3994,267.06,314
CMP-0203,2023-07-27,Facebook,Summer_Promo,82492,4592,403.18,253
CMP-0204,2023-11-03,LinkedIn,Retargeting,38955,704,110.65,313
CMP-0205,2023-08-28,LinkedIn,Retargeting,57143,3166,424.32,36
CMP-0206,2023-05-31,Facebook,Black_Friday,83487,4535,648.34,425
CMP-0207,2023-04-12,Email,Summer_Promo,62857,1142,132.55,267
CMP-0208,2023-03-01,Google Ads,Summer_Promo,27756,3152,600.41,232
CMP-0209,2023-11-19,Email,Retargeting,47730,2260,935.1,69
CMP-0210,2023-12-25,Email,Q1_Launch,22895,3909,499.66,137
CMP-0211,2023-05-03,Facebook,Retargeting,79888,285,647.55,88
CMP-0212,2023-01-02,Facebook,Retargeting,34051,4639,347.57,246
CMP-0213,2023-02-04,Email,Retargeting,9966,4845,413.35,488
CMP-0214,2023-02-07,Google Ads,Black_Friday,96342,3515,852.24,478
CMP-0215,2023-02-05,Email,Black_Friday,51428,2832,480.1,266
CMP-0216,2023-10-26,Google Ads,Q1_Launch,67253,810,174.08,86
CMP-0217,2023-04-26,Email,Retargeting,80759,1026,630.52,109
CMP-0218,2023-12-24,Facebook,Black_Friday,72887,4394,120.23,87
CMP-0219,2023-06-22,Facebook,Q1_Launch,80299,2082,469.99,272
CMP-0220,2023-08-31,LinkedIn,Black_Friday,97162,3538,983.69,112
CMP-0221,2023-04-19,Google Ads,Black_Friday,86664,3540,534.85,26
CMP-0222,2023-06-27,Email,Retargeting,37345,401,387.16,125
CMP-0223,2023-06-09,LinkedIn,Retargeting,30205,4290,819.13,396
CMP-0224,2023-03-21,Email,Q1_Launch,26169,3367,575.85,258
CMP-0225,2023-03-27,Facebook,Summer_Promo,44919,0,19.78,246
CMP-0226,2023-01-04,Google Ads,Retargeting,58780,4750,936.53,405
CMP-0227,2023-11-08,LinkedIn,Summer_Promo,28671,2615,983.64,168
CMP-0228,2023-11-26,Facebook,Retargeting,75292,1647,161.52,115
CMP-0229,2023-08-10,Google Ads,Black_Friday,40103,2398,433.65,384
CMP-0230,2023-04-10,Email,Retargeting,5778,2283,152.69,451
CMP-0231,2023-02-10,LinkedIn,Summer_Promo,76051,2097,94.48,3
CMP-0232,2023-07-02,Google Ads,Black_Friday,98031,4655,376.55,246
CMP-0233,2023-12-17,Facebook,Retargeting,14876,2255,474.06,213
CMP-0234,2023-12-26,Email,Summer_Promo,56827,916,362.73,232
CMP-0235,2023-09-03,LinkedIn,Summer_Promo,88433,615,256.17,389
CMP-0236,2023-05-26,Google Ads,Retargeting,80534,3852,371.48,19
CMP-0237,2023-09-03,LinkedIn,Retargeting,74196,3204,512.69,37
CMP-0238,2023-09-05,Google Ads,Retargeting,22520,4835,955.31,58
CMP-0239,2023-03-10,LinkedIn,Summer_Promo,80213,3520,171.44,150
CMP-0240,2023-12-06,LinkedIn,Black_Friday,72585,3442,273.99,67
CMP-0241,2023-03-24,Email,Summer_Promo,60188,2509,303.62,350
CMP-0242,2023-05-16,Google Ads,Retargeting,90824,4467,520.42,82
CMP-0243,2023-03-09,Facebook,Retargeting,23697,4577,584.36,315
CMP-0244,2023-09-10,LinkedIn,Retargeting,99895,3796,836.54,87
CMP-0245,2023-09-09,Google Ads,Summer_Promo,15802,2793,658.68,437
CMP-0246,2023-03-18,Email,Retargeting,31942,872,950.75,49
CMP-0247,2023-04-05,Google Ads,Black_Friday,70148,4405,825.16,98
CMP-0248,2023-04-30,Facebook,Q1_Launch,49877,3301,50.79,480
CMP-0249,2023-10-04,Google Ads,Black_Friday,54871,3350,239.6,214
CMP-0250,2023-11-26,Facebook,Summer_Promo,44092,1405,775.03,203
CMP-0251,2023-03-01,Facebook,Summer_Promo,60880,3088,304.98,127
CMP-0252,2023-02-04,Facebook,Retargeting,23429,2383,739.02,344
CMP-0253,2023-05-04,Google Ads,Q1_Launch,90942,4661,924.17,407
CMP-0254,2023-01-26,LinkedIn,Retargeting,42885,2300,757.64,365
CMP-0255,2023-07-26,LinkedIn,Retargeting,91034,834,653.25,462
CMP-0256,2023-11-27,Google Ads,Black_Friday,76706,3880,498.41,0
CMP-0257,2023-03-17,Facebook,Q1_Launch,3453,2599,299.66,249
CMP-0258,2023-10-17,Email,Summer_Promo,88023,1505,77.77,130
CMP-0259,2023-01-21,LinkedIn,Black_Friday,94808,2232,970.69,347
CMP-0260,2023-07-30,LinkedIn,Q1_Launch,52644,617,521.65,102
CMP-0261,2023-06-08,Email,Black_Friday,28355,2018,540.66,18
CMP-0262,2023-09-17,Email,Summer_Promo,53137,82,110.88,469
CMP-0263,2023-10-13,LinkedIn,Summer_Promo,70121,2637,716.47,137
CMP-0264,2023-02-17,LinkedIn,Summer_Promo,32394,4541,667.68,439
CMP-0265,2023-01-28,Facebook,Black_Friday,95131,702,451.38,81
CMP-0266,2023-01-26,Google Ads,Black_Friday,81585,821,31.61,33
CMP-0267,2023-08-27,Facebook,Summer_Promo,43089,861,43.9,466
CMP-0268,2023-04-05,LinkedIn,Black_Friday,8467,693,168.14,483
CMP-0269,2023-04-13,Google Ads,Retargeting,49099,3611,681.62,230
CMP-0270,2023-07-05,Email,Q1_Launch,90257,328,144.21,62
CMP-0271,2023-01-30,Email,Black_Friday,29306,1537,10.58,311
CMP-0272,2023-11-07,Facebook,Retargeting,83372,3376,990.81,268
CMP-0273,2023-02-17,LinkedIn,Q1_Launch,16105,714,725.66,436
CMP-0274,2023-02-17,LinkedIn,Q1_Launch,99472,2222,111.16,143
CMP-0275,2023-11-13,Facebook,Black_Friday,58402,326,164.76,74
CMP-0276,2023-05-15,Google Ads,Black_Friday,86705,1064,298.89,457
CMP-0277,2023-04-08,Email,Retargeting,75447,1081,851.4,341
CMP-0278,2023-06-22,LinkedIn,Summer_Promo,10585,2665,298.59,255
CMP-0279,2023-08-15,Facebook,Black_Friday,7163,1292,152.73,157
CMP-0280,2023-06-17,LinkedIn,Q1_Launch,96600,3469,309.25,56
CMP-0281,2023-03-20,Facebook,Retargeting,47999,2339,406.64,165
CMP-0282,2023-05-07,Facebook,Summer_Promo,12715,2366,528.14,238
CMP-0283,2023-10-05,LinkedIn,Q1_Launch,71700,3917,940.14,151
CMP-0284,2023-04-01,LinkedIn,Summer_Promo,62742,572,850.21,499
CMP-0285,2023-04-23,Google Ads,Retargeting,2883,2740,144.02,159
CMP-0286,2023-01-02,Email,Q1_Launch,24214,1952,15.52,478
CMP-0287,2023-11-23,Facebook,Retargeting,75701,4521,130.37,239
CMP-0288,2023-02-15,Facebook,Q1_Launch,67822,1702,494.37,388
CMP-0289,2023-04-07,Email,Q1_Launch,44494,244,498.06,303
CMP-0290,2023-09-08,Email,Black_Friday,21051,2358,750.62,200
CMP-0291,2023-06-19,Google Ads,Q1_Launch,51794,4365,602.2,467
CMP-0292,2023-08-23,LinkedIn,Q1_Launch,70204,2035,499.64,149
CMP-0293,2023-03-21,Google Ads,Black_Friday,65078,4153,595.75,475
CMP-0294,2023-03-29,Email,Q1_Launch,84797,881,160.19,453
CMP-0295,2023-01-23,Google Ads,Q1_Launch,52030,1410,575.69,270
CMP-0296,2023-12-17,Google Ads,Black_Friday,37247,3965,525.8,403
CMP-0297,2023-10-30,Email,Q1_Launch,71909,722,287.88,6
CMP-0298,2023-11-24,LinkedIn,Retargeting,33722,4833,633.13,413
CMP-0299,2023-06-02,LinkedIn,Black_Friday,84437,2294,84.43,494
CMP-0300,2023-10-25,Email,Summer_Promo,82865,0,857.02,495
CMP-0301,2023-06-14,LinkedIn,Q1_Launch,10872,1454,95.39,242
CMP-0302,2023-06-09,Google Ads,Retargeting,36197,261,232.39,7
CMP-0303,2023-09-30,LinkedIn,Summer_Promo,22866,1432,579.55,490
CMP-0304,2023-12-10,Google Ads,Black_Friday,31850,4827,675.6,158
CMP-0305,2023-05-31,Email,Summer_Promo,13823,167,792.45,439
CMP-0306,2023-11-24,Email,Q1_Launch,56744,232,589.77,51
CMP-0307,2023-01-10,LinkedIn,Retargeting,97529,4173,678.05,456
CMP-0308,2023-08-04,LinkedIn,Black_Friday,12609,2787,261.09,162
CMP-0309,2023-08-12,Facebook,Black_Friday,84356,1113,178.22,62
CMP-0310,2023-06-17,Email,Q1_Launch,96617,3429,156.26,416
CMP-0311,2023-12-26,LinkedIn,Q1_Launch,45593,2648,485.53,88
CMP-0312,2023-07-12,Google Ads,Black_Friday,98137,3682,589.65,431
CMP-0313,2023-07-10,Google Ads,Retargeting,27713,3197,923.15,83
CMP-0314,2023-12-11,Email,Summer_Promo,51107,2922,467.3,455
CMP-0315,2023-03-18,LinkedIn,Black_Friday,58253,1402,661.53,198
CMP-0316,2023-04-04,Facebook,Retargeting,7215,3511,721.07,471
CMP-0317,2023-08-12,Facebook,Q1_Launch,31248,2743,445.73,40
CMP-0318,2023-07-16,LinkedIn,Black_Friday,67028,3638,271.82,470
CMP-0319,2023-02-22,Facebook,Retargeting,65913,400,670.74,303
CMP-0320,2023-01-08,Facebook,Black_Friday,62613,2243,726.28,140
CMP-0321,2023-03-15,Facebook,Q1_Launch,34329,3232,194.04,240
CMP-0322,2023-12-09,Email,Black_Friday,4687,4629,353.45,116
CMP-0323,2023-01-15,Facebook,Retargeting,41361,2234,978.62,484
CMP-0324,2023-02-19,Facebook,Q1_Launch,64232,3264,357.09,378
CMP-0325,2023-04-08,Google Ads,Q1_Launch,97193,4729,60.39,435
CMP-0326,2023-08-19,LinkedIn,Summer_Promo,56276,2962,611.47,188
CMP-0327,2023-06-03,Google Ads,Summer_Promo,67297,4690,487.83,222
CMP-0328,2023-10-24,Facebook,Black_Friday,70119,2549,14.48,231
CMP-0329,2023-01-18,Google Ads,Summer_Promo,79315,220,368.93,351
CMP-0330,2023-06-10,LinkedIn,Summer_Promo,78621,4752,348.9,31
CMP-0331,2023-07-31,Facebook,Summer_Promo,23138,1038,344.88,208
CMP-0332,2023-12-20,Google Ads,Black_Friday,53169,4923,727.77,361
CMP-0333,2023-08-20,Google Ads,Black_Friday,58649,2942,32.16,132
CMP-0334,2023-08-21,LinkedIn,Black_Friday,18236,1956,957.3,160
CMP-0335,2023-01-14,LinkedIn,Summer_Promo,30928,3311,388.36,299
CMP-0336,2023-07-18,LinkedIn,Retargeting,88523,3227,266.6,496
CMP-0337,2023-09-29,Email,Q1_Launch,55081,70,447.23,362
CMP-0338,2023-08-09,Email,Summer_Promo,53167,2497,127.47,228
CMP-0339,2023-08-11,Facebook,Q1_Launch,72839,3185,404.14,100
CMP-0340,2023-07-13,LinkedIn,Black_Friday,8593,3218,673.52,92
CMP-0341,2023-12-05,LinkedIn,Q1_Launch,91717,2373,695.34,62
CMP-0342,2023-06-12,Facebook,Q1_Launch,99135,1775,330.8,426
CMP-0343,2023-05-14,LinkedIn,Black_Friday,45400,4000,122.7,362
CMP-0344,2023-02-16,LinkedIn,Black_Friday,54138,218,751.09,292
CMP-0345,2023-07-31,Email,Summer_Promo,93423,1487,994.66,476
CMP-0346,2023-06-04,LinkedIn,Q1_Launch,63220,2774,35.67,365
CMP-0347,2023-12-10,Facebook,Summer_Promo,85528,1202,901.01,143
CMP-0348,2023-09-01,Facebook,Q1_Launch,52242,2645,980.55,164
CMP-0349,2023-04-26,Google Ads,Summer_Promo,80745,2570,135.89,370
CMP-0350,2023-12-07,Email,Black_Friday,95143,3344,720.67,98
CMP-0351,2023-10-01,Google Ads,Retargeting,12486,1436,681.17,255
CMP-0352,2023-11-12,Email,Black_Friday,57030,3931,709.34,390
CMP-0353,2023-05-01,LinkedIn,Q1_Launch,5657,764,386.34,34
CMP-0354,2023-07-12,Google Ads,Q1_Launch,65030,1219,620.28,449
CMP-0355,2023-02-14,LinkedIn,Retargeting,92267,886,559.9,252
CMP-0356,2023-05-13,Facebook,Retargeting,31993,434,336.07,441
CMP-0357,2023-02-21,Facebook,Black_Friday,13040,527,605.06,64
CMP-0358,2023-11-02,LinkedIn,Black_Friday,39009,2960,953.21,358
CMP-0359,2023-11-27,Facebook,Q1_Launch,37189,1232,676.01,195
CMP-0360,2023-11-06,Google Ads,Q1_Launch,26192,2498,861.42,376
CMP-0361,2023-08-10,Facebook,Retargeting,33881,4097,700.51,285
CMP-0362,2023-11-26,Facebook,Black_Friday,52424,4374,854.56,301
CMP-0363,2023-05-14,Facebook,Black_Friday,43788,3494,178.27,341
CMP-0364,2023-06-15,Google Ads,Q1_Launch,80641,230,323.2,249
CMP-0365,2023-08-28,Facebook,Q1_Launch,1828,2891,483.58,390
CMP-0366,2023-06-13,Google Ads,Q1_Launch,62916,4751,927.19,213
CMP-0367,2023-05-24,Facebook,Black_Friday,17211,4921,792.95,485
CMP-0368,2023-10-24,Facebook,Black_Friday,94130,3907,157.72,366
CMP-0369,2023-11-24,Email,Black_Friday,15299,1694,411.64,275
CMP-0370,2023-02-07,Google Ads,Q1_Launch,60247,1727,641.76,402
CMP-0371,2023-10-30,Email,Q1_Launch,97408,4583,539.92,106
CMP-0372,2023-07-19,Facebook,Retargeting,13706,2187,413.56,325
CMP-0373,2023-08-08,Email,Summer_Promo,31393,1546,990.25,391
CMP-0374,2023-10-20,Email,Q1_Launch,76898,4854,48.59,334
CMP-0375,2023-02-13,Email,Retargeting,99491,0,328.83,412
CMP-0376,2023-03-08,Google Ads,Summer_Promo,37899,1434,996.27,326
CMP-0377,2023-09-17,Facebook,Retargeting,12483,2962,186.67,305
CMP-0378,2023-03-12,Email,Q1_Launch,84967,4956,429.74,144
CMP-0379,2023-02-11,LinkedIn,Summer_Promo,94610,4516,17.05,82
CMP-0380,2023-07-20,Facebook,Retargeting,47060,1034,482.54,125
CMP-0381,2023-12-11,Facebook,Summer_Promo,71175,3371,896.71,74
CMP-0382,2023-07-15,Google Ads,Summer_Promo,94305,981,135.96,83
CMP-0383,2023-03-17,LinkedIn,Summer_Promo,62601,3680,394.11,220
CMP-0384,2023-03-11,LinkedIn,Q1_Launch,57534,1101,766.72,454
CMP-0385,2023-04-03,Facebook,Retargeting,30039,3401,119.48,161
CMP-0386,2023-10-04,Google Ads,Summer_Promo,53099,765,237.93,27
CMP-0387,2023-12-28,Email,Black_Friday,9342,3759,71.02,107
CMP-0388,2023-11-10,Google Ads,Black_Friday,14050,1420,968.0,466
CMP-0389,2023-03-11,Email,Summer_Promo,60743,3874,956.05,106
CMP-0390,2023-04-08,Email,Black_Friday,48984,4840,569.15,402
CMP-0391,2023-04-02,LinkedIn,Black_Friday,56598,3924,852.69,65
CMP-0392,2023-06-29,LinkedIn,Retargeting,93971,3121,349.64,155
CMP-0393,2023-11-07,Google Ads,Retargeting,74922,2510,16.2,144
CMP-0394,2023-10-29,Facebook,Q1_Launch,74711,2770,725.18,25
CMP-0395,2023-05-06,Facebook,Q1_Launch,64994,64,917.83,10
CMP-0396,2023-10-22,Facebook,Summer_Promo,41781,2442,453.27,355
CMP-0397,2023-01-16,LinkedIn,Summer_Promo,74383,3460,225.63,461
CMP-0398,2023-06-20,Email,Retargeting,22444,2625,767.7,36
CMP-0399,2023-09-02,Email,Q1_Launch,27675,2115,808.88,241
CMP-0400,2023-07-09,Email,Black_Friday,13676,710,893.04,244
CMP-0401,2023-03-30,LinkedIn,Summer_Promo,73018,3381,920.61,466
CMP-0402,2023-06-19,Google Ads,Black_Friday,37278,2334,83.27,13
CMP-0403,2023-06-02,LinkedIn,Retargeting,30775,1831,55.81,188
CMP-0404,2023-05-02,Google Ads,Black_Friday,51159,1997,117.13,485
CMP-0405,2023-04-26,Google Ads,Black_Friday,29840,1251,994.24,172
CMP-0406,2023-12-16,Email,Black_Friday,36230,1218,166.38,5
CMP-0407,2023-01-29,Google Ads,Summer_Promo,37971,4475,840.4,467
CMP-0408,2023-04-06,Google Ads,Retargeting,83890,396,340.46,494
CMP-0409,2023-11-22,Facebook,Black_Friday,38759,1617,849.47,154
CMP-0410,2023-03-08,LinkedIn,Retargeting,21991,73,513.29,398
CMP-0411,2023-05-06,LinkedIn,Black_Friday,85608,904,723.84,415
CMP-0412,2023-03-24,Facebook,Black_Friday,50326,771,325.28,78
CMP-0413,2023-03-30,Facebook,Retargeting,81683,2827,800.42,281
CMP-0414,2023-03-20,Facebook,Black_Friday,70859,3289,950.75,100
CMP-0415,2023-05-23,Email,Black_Friday,61440,1648,415.35,246
CMP-0416,2023-07-01,LinkedIn,Black_Friday,75768,4861,52.76,144
CMP-0417,2023-10-30,Email,Retargeting,6319,3842,467.08,125
CMP-0418,2023-01-15,Google Ads,Black_Friday,37762,2492,536.83,315
CMP-0419,2023-10-11,Email,Black_Friday,91726,3115,649.01,371
CMP-0420,2023-11-21,Facebook,Summer_Promo,45917,781,234.41,81
CMP-0421,2023-10-05,LinkedIn,Retargeting,42331,2719,676.25,487
CMP-0422,2023-06-16,Email,Summer_Promo,44660,2740,92.06,436
CMP-0423,2023-07-27,Email,Summer_Promo,68608,844,287.92,219
CMP-0424,2023-11-09,LinkedIn,Summer_Promo,99074,1193,947.05,422
CMP-0425,2023-11-18,Facebook,Summer_Promo,51939,150,868.91,409
CMP-0426,2023-08-10,Email,Retargeting,38977,419,127.02,305
CMP-0427,2023-06-15,Email,Summer_Promo,49672,1968,300.09,360
CMP-0428,2023-03-29,Google Ads,Q1_Launch,98582,4488,410.53,436
CMP-0429,2023-06-03,Email,Q1_Launch,12594,3994,867.26,425
CMP-0430,2023-12-22,Facebook,Q1_Launch,31480,4463,560.17,168
CMP-0431,2023-10-14,Google Ads,Summer_Promo,25945,582,730.63,475
CMP-0432,2023-10-25,Facebook,Retargeting,43967,3892,86.46,252
CMP-0433,2023-07-20,LinkedIn,Black_Friday,53775,4124,292.05,194
CMP-0434,2023-10-29,Email,Black_Friday,36680,3334,551.45,317
CMP-0435,2023-10-10,Facebook,Retargeting,97284,4290,379.82,207
CMP-0436,2023-08-04,LinkedIn,Summer_Promo,53688,4201,999.08,198
CMP-0437,2023-03-07,Email,Black_Friday,30176,1100,997.4,4
CMP-0438,2023-11-13,Google Ads,Summer_Promo,73380,3509,543.89,108
CMP-0439,2023-12-12,Email,Retargeting,55411,2353,343.32,174
CMP-0440,2023-09-09,LinkedIn,Retargeting,32435,1397,256.54,132
CMP-0441,2023-03-12,Facebook,Summer_Promo,53617,972,933.1,171
CMP-0442,2023-06-11,Facebook,Black_Friday,40562,505,765.85,414
CMP-0443,2023-11-12,LinkedIn,Q1_Launch,28299,3550,775.84,207
CMP-0444,2023-06-06,Email,Q1_Launch,62038,2706,791.89,64
CMP-0445,2023-05-25,Google Ads,Summer_Promo,59436,3982,367.75,117
CMP-0446,2023-02-19,Google Ads,Retargeting,51207,1412,739.3,439
CMP-0447,2023-12-18,Facebook,Black_Friday,65489,2403,94.1,287
CMP-0448,2023-06-19,Facebook,Q1_Launch,36829,3001,861.25,159
CMP-0449,2023-01-12,Facebook,Retargeting,94385,2392,668.53,378
CMP-0450,2023-12-09,Email,Q1_Launch,29360,0,779.21,90
CMP-0451,2023-05-24,Email,Retargeting,15364,4968,728.6,274
CMP-0452,2023-12-18,Google Ads,Summer_Promo,61407,3013,211.92,390
CMP-0453,2023-04-02,Facebook,Black_Friday,60239,1394,614.05,266
CMP-0454,2023-01-20,LinkedIn,Summer_Promo,15669,1640,902.59,368
CMP-0455,2023-07-25,Email,Q1_Launch,32065,3158,444.46,127
CMP-0456,2023-04-23,Email,Black_Friday,55324,3622,467.18,146
CMP-0457,2023-08-04,LinkedIn,Summer_Promo,3097,4569,350.01,319
CMP-0458,2023-10-12,Email,Summer_Promo,3924,1825,673.59,408
CMP-0459,2023-03-12,Google Ads,Retargeting,4239,3438,365.91,423
CMP-0460,2023-05-14,Facebook,Retargeting,31218,324,298.33,120
CMP-0461,2023-09-17,Email,Retargeting,26918,985,873.53,77
CMP-0462,2023-04-16,Google Ads,Retargeting,96522,54,500.83,294
CMP-0463,2023-09-13,LinkedIn,Q1_Launch,87410,2731,761.24,392
CMP-0464,2023-01-27,Email,Q1_Launch,93898,1860,251.31,422
CMP-0465,2023-08-13,Google Ads,Summer_Promo,55160,2813,937.17,497
CMP-0466,2023-11-14,Google Ads,Retargeting,27241,4618,466.7,44
CMP-0467,2023-08-04,LinkedIn,Summer_Promo,72572,3380,783.33,464
CMP-0468,2023-12-27,LinkedIn,Summer_Promo,19415,1469,61.82,192
CMP-0469,2023-04-06,Email,Retargeting,85748,411,381.49,473
CMP-0470,2023-12-11,Email,Black_Friday,23382,3037,612.89,333
CMP-0471,2023-11-12,Email,Q1_Launch,68142,3686,730.68,434
CMP-0472,2023-10-13,Google Ads,Retargeting,83415,1195,177.08,104
CMP-0473,2023-06-09,LinkedIn,Summer_Promo,56692,352,127.76,54
CMP-0474,2023-03-30,Google Ads,Summer_Promo,3401,1350,81.13,300
CMP-0475,2023-02-27,Email,Q1_Launch,34954,775,244.84,17
CMP-0476,2023-11-15,Google Ads,Q1_Launch,96073,3272,981.34,140
CMP-0477,2023-06-09,Email,Q1_Launch,41859,1762,594.59,62
CMP-0478,2023-02-05,LinkedIn,Q1_Launch,97563,3801,717.06,214
CMP-0479,2023-09-07,Google Ads,Summer_Promo,29758,1092,873.35,244
CMP-0480,2023-08-25,Facebook,Summer_Promo,61114,4423,933.52,438
CMP-0481,2023-06-28,Google Ads,Black_Friday,43173,968,163.38,190
CMP-0482,2023-10-06,LinkedIn,Retargeting,85946,2822,513.17,332
CMP-0483,2023-01-31,Facebook,Retargeting,57745,1380,535.96,342
CMP-0484,2023-04-08,Google Ads,Summer_Promo,95948,3961,407.77,11
CMP-0485,2023-11-04,Email,Retargeting,94897,2507,886.5,232
CMP-0486,2023-04-15,Google Ads,Retargeting,55098,379,64.66,423
CMP-0487,2023-02-08,LinkedIn,Summer_Promo,25665,452,96.82,184
CMP-0488,2023-10-12,Facebook,Summer_Promo,34117,2000,296.52,348
CMP-0489,2023-09-18,LinkedIn,Retargeting,18409,1667,64.94,189
CMP-0490,2023-12-31,Email,Black_Friday,42341,4368,998.95,387
CMP-0491,2023-01-01,LinkedIn,Q1_Launch,30921,103,717.63,118
CMP-0492,2023-09-10,Email,Q1_Launch,12596,4112,568.59,213
CMP-0493,2023-09-21,Facebook,Summer_Promo,59930,1165,227.18,68
CMP-0494,2023-04-12,LinkedIn,Black_Friday,79135,3520,70.01,416
CMP-0495,2023-11-29,LinkedIn,Retargeting,70098,4722,978.9,263
CMP-0496,2023-08-15,LinkedIn,Black_Friday,93413,4248,941.15,241
CMP-0497,2023-09-17,LinkedIn,Retargeting,11328,3508,953.32,404
CMP-0498,2023-06-10,Facebook,Summer_Promo,10340,3271,118.66,164
CMP-0499,2023-09-21,Facebook,Retargeting,16056,911,381.83,470
CMP-0500,2023-03-08,Facebook,Q1_Launch,1630,2428,942.11,108
CMP-0501,2023-09-23,Email,Retargeting,54498,1945,608.27,59
CMP-0502,2023-09-19,Google Ads,Retargeting,25220,4800,817.85,57
CMP-0503,2023-10-10,Facebook,Summer_Promo,89795,4372,702.25,488
CMP-0504,2023-03-08,Email,Retargeting,46501,372,468.04,224
CMP-0505,2023-05-31,LinkedIn,Summer_Promo,86903,2186,308.74,342
CMP-0506,2023-06-25,Facebook,Retargeting,45248,824,162.38,21
CMP-0507,2023-06-05,LinkedIn,Retargeting,51330,3603,171.61,280
CMP-0508,2023-10-30,Email,Retargeting,84292,272,364.05,81
CMP-0509,2023-09-28,Facebook,Summer_Promo,30417,4997,565.35,471
CMP-0510,2023-11-05,Google Ads,Q1_Launch,76368,2948,42.72,68
CMP-0511,2023-02-24,LinkedIn,Black_Friday,34120,3388,390.13,23
CMP-0512,2023-05-12,Email,Retargeting,59628,4628,462.26,90
CMP-0513,2023-12-17,Google Ads,Retargeting,94828,1404,604.71,361
CMP-0514,2023-06-14,Facebook,Black_Friday,56253,765,828.76,490
CMP-0515,2023-03-05,Facebook,Q1_Launch,61567,3959,449.84,233
CMP-0516,2023-02-11,Facebook,Black_Friday,96270,4882,591.6,278
CMP-0517,2023-10-21,Email,Retargeting,44077,1197,435.54,429
CMP-0518,2023-06-23,Facebook,Retargeting,36946,1226,472.04,57
CMP-0519,2023-02-17,Facebook,Q1_Launch,58239,2003,932.77,328
CMP-0520,2023-05-01,LinkedIn,Summer_Promo,98558,1228,94.52,230
CMP-0521,2023-12-20,Google Ads,Retargeting,6881,2911,135.17,142
CMP-0522,2023-10-04,LinkedIn,Summer_Promo,21881,369,536.27,148
CMP-0523,2023-09-23,Google Ads,Black_Friday,87433,3470,810.76,410
CMP-0524,2023-08-04,Google Ads,Q1_Launch,33246,248,878.37,388
CMP-0525,2023-01-14,Facebook,Summer_Promo,75607,0,954.53,168
CMP-0526,2023-04-06,Google Ads,Q1_Launch,16744,3019,413.5,137
CMP-0527,2023-09-30,Email,Black_Friday,35754,3394,267.97,494
CMP-0528,2023-02-08,Facebook,Q1_Launch,24408,3402,983.42,99
CMP-0529,2023-12-10,Google Ads,Retargeting,78714,3116,649.33,26
CMP-0530,2023-05-05,Email,Q1_Launch,70920,3658,677.97,205
CMP-0531,2023-11-25,Facebook,Q1_Launch,65453,4349,188.23,279
CMP-0532,2023-11-13,Facebook,Retargeting,23226,2949,968.01,92
CMP-0533,2023-07-26,Facebook,Black_Friday,83651,88,58.42,197
CMP-0534,2023-04-28,Facebook,Black_Friday,22851,4763,349.52,358
CMP-0535,2023-02-23,Facebook,Black_Friday,32379,2535,890.21,331
CMP-0536,2023-06-26,Google Ads,Black_Friday,82669,3020,912.91,347
CMP-0537,2023-12-06,LinkedIn,Q1_Launch,1873,4501,476.82,226
CMP-0538,2023-10-25,LinkedIn,Retargeting,55728,2054,727.91,354
CMP-0539,2023-08-01,LinkedIn,Summer_Promo,29674,3176,953.52,304
CMP-0540,2023-11-08,Google Ads,Retargeting,41038,3337,727.48,434
CMP-0541,2023-12-29,Email,Summer_Promo,76918,4068,385.8,453
CMP-0542,2023-04-19,LinkedIn,Q1_Launch,38758,2527,381.89,107
CMP-0543,2023-07-18,LinkedIn,Black_Friday,32497,265,970.81,75
CMP-0544,2023-12-29,Google Ads,Retargeting,20910,2335,584.45,320
CMP-0545,2023-03-28,Google Ads,Q1_Launch,76769,3788,185.82,294
CMP-0546,2023-06-25,Email,Retargeting,38551,3097,188.11,46
CMP-0547,2023-10-23,Google Ads,Black_Friday,55117,3082,791.58,460
CMP-0548,2023-02-23,Facebook,Q1_Launch,38404,3610,537.13,278
CMP-0549,2023-09-19,LinkedIn,Retargeting,33917,3348,876.64,137
CMP-0550,2023-08-05,Facebook,Q1_Launch,31600,2780,808.31,96
CMP-0551,2023-11-11,Facebook,Black_Friday,71366,4647,698.61,394
CMP-0552,2023-03-12,Facebook,Summer_Promo,17152,4558,483.31,199
CMP-0553,2023-05-14,Email,Q1_Launch,3384,4662,446.07,475
CMP-0554,2023-12-05,Google Ads,Q1_Launch,70396,101,223.08,318
CMP-0555,2023-09-22,Google Ads,Q1_Launch,17316,954,602.95,295
CMP-0556,2023-08-24,Email,Summer_Promo,91489,2168,643.5,472
CMP-0557,2023-06-23,Facebook,Retargeting,16659,2620,504.57,327
CMP-0558,2023-12-15,Email,Summer_Promo,62749,200,981.45,405
CMP-0559,2023-04-22,Google Ads,Summer_Promo,82163,3306,539.22,299
CMP-0560,2023-08-02,Google Ads,Retargeting,5911,1157,802.63,472
CMP-0561,2023-03-04,Facebook,Black_Friday,40922,3524,897.95,398
CMP-0562,2023-10-22,LinkedIn,Black_Friday,52982,1685,458.24,5
CMP-0563,2023-08-22,Email,Black_Friday,82429,2485,198.33,294
CMP-0564,2023-12-21,Email,Summer_Promo,51363,4338,550.52,167
CMP-0565,2023-09-06,Facebook,Q1_Launch,16810,3090,785.88,115
CMP-0566,2023-09-09,Email,Q1_Launch,5583,577,691.61,447
CMP-0567,2023-03-22,LinkedIn,Q1_Launch,70433,1036,808.79,330
CMP-0568,2023-12-16,Facebook,Retargeting,29053,2919,508.54,332
CMP-0569,2023-09-30,Email,Summer_Promo,52236,2328,763.16,167
CMP-0570,2023-02-07,Email,Q1_Launch,90745,1981,146.68,336
CMP-0571,2023-02-28,Google Ads,Retargeting,14314,3943,559.06,341
CMP-0572,2023-12-28,Google Ads,Retargeting,90736,244,657.72,471
CMP-0573,2023-10-24,Email,Q1_Launch,6330,4889,473.95,444
CMP-0574,2023-07-20,Email,Summer_Promo,28660,2291,514.87,414
CMP-0575,2023-03-14,Google Ads,Retargeting,50553,825,981.42,132
CMP-0576,2023-05-31,Facebook,Black_Friday,20403,2351,845.29,443
CMP-0577,2023-04-13,Email,Black_Friday,62314,1804,974.83,354
CMP-0578,2023-06-23,Google Ads,Summer_Promo,68373,2692,939.43,128
CMP-0579,2023-05-25,Facebook,Retargeting,83557,3969,969.31,292
CMP-0580,2023-01-18,Google Ads,Black_Friday,48033,1612,615.53,323
CMP-0581,2023-01-16,Facebook,Q1_Launch,85460,2025,215.72,391
CMP-0582,2023-05-27,Email,Summer_Promo,40530,3347,101.13,335
CMP-0583,2023-06-15,Email,Summer_Promo,14539,2657,475.02,57
CMP-0584,2023-02-18,Facebook,Summer_Promo,31419,2856,762.89,114
CMP-0585,2023-05-11,Facebook,Retargeting,31501,239,194.65,174
CMP-0586,2023-06-09,Email,Black_Friday,4796,1587,130.73,360
CMP-0587,2023-11-03,Email,Retargeting,38603,756,871.47,53
CMP-0588,2023-07-26,Email,Q1_Launch,45274,2639,11.65,55
CMP-0589,2023-11-23,Email,Summer_Promo,16222,4517,833.48,82
CMP-0590,2023-03-02,Email,Black_Friday,19096,1405,212.47,270
CMP-0591,2023-07-10,LinkedIn,Black_Friday,75120,1577,655.68,304
CMP-0592,2023-03-11,Email,Black_Friday,49803,4435,465.41,244
CMP-0593,2023-02-04,LinkedIn,Q1_Launch,16705,614,828.01,431
CMP-0594,2023-08-12,Facebook,Retargeting,66091,1341,270.78,336
CMP-0595,2023-11-11,Email,Black_Friday,34382,2993,749.93,325
CMP-0596,2023-01-05,LinkedIn,Summer_Promo,18284,3810,713.63,467
CMP-0597,2023-11-23,Google Ads,Retargeting,35653,3680,235.29,94
CMP-0598,2023-01-19,Email,Q1_Launch,31115,3955,641.37,446
CMP-0599,2023-03-08,Facebook,Black_Friday,12004,1117,992.5,302
CMP-0600,2023-04-30,Facebook,Retargeting,16036,0,938.6,396
CMP-0601,2023-10-07,LinkedIn,Black_Friday,75547,4635,783.82,290
CMP-0602,2023-08-04,Email,Summer_Promo,11380,4522,520.37,190
CMP-0603,2023-02-15,Google Ads,Q1_Launch,61439,3675,939.68,174
CMP-0604,2023-08-18,Email,Summer_Promo,39277,4336,977.66,53
CMP-0605,2023-09-02,LinkedIn,Q1_Launch,28014,3392,182.47,218
CMP-0606,2023-07-12,Google Ads,Q1_Launch,86315,1203,223.18,403
CMP-0607,2023-09-20,Facebook,Retargeting,82676,2264,309.34,176
CMP-0608,2023-10-23,Email,Q1_Launch,42868,1098,285.48,56
CMP-0609,2023-01-30,LinkedIn,Retargeting,11153,2840,377.76,327
CMP-0610,2023-07-08,LinkedIn,Q1_Launch,62851,3379,691.93,447
CMP-0611,2023-01-19,Google Ads,Summer_Promo,17694,4513,761.45,389
CMP-0612,2023-03-01,Email,Summer_Promo,47218,4863,977.31,208
CMP-0613,2023-03-06,LinkedIn,Retargeting,27400,512,969.21,160
CMP-0614,2023-11-12,Email,Summer_Promo,27478,2308,908.26,415
CMP-0615,2023-03-07,Facebook,Q1_Launch,1785,3971,502.88,414
CMP-0616,2023-09-24,Email,Summer_Promo,90217,2775,475.54,343
CMP-0617,2023-08-03,LinkedIn,Retargeting,95589,955,176.48,181
CMP-0618,2023-11-19,Email,Summer_Promo,66490,196,68.38,461
CMP-0619,2023-02-08,Facebook,Q1_Launch,49229,1000,936.58,251
CMP-0620,2023-11-29,Google Ads,Black_Friday,21358,940,787.66,297
CMP-0621,2023-03-21,Google Ads,Retargeting,78630,4149,506.79,362
CMP-0622,2023-12-29,Google Ads,Summer_Promo,87077,3259,65.01,460
CMP-0623,2023-11-18,LinkedIn,Summer_Promo,82894,4985,921.55,416
CMP-0624,2023-02-23,Email,Black_Friday,82249,667,605.16,478
CMP-0625,2023-01-05,Google Ads,Black_Friday,51346,4571,848.46,248
CMP-0626,2023-08-23,Facebook,Summer_Promo,95798,3622,833.18,154
CMP-0627,2023-02-09,LinkedIn,Summer_Promo,5320,2072,195.58,331
CMP-0628,2023-09-15,LinkedIn,Summer_Promo,79873,4840,194.65,497
CMP-0629,2023-09-19,LinkedIn,Q1_Launch,61524,4425,938.83,407
CMP-0630,2023-07-15,Facebook,Retargeting,91213,2518,870.12,134
CMP-0631,2023-02-20,Email,Retargeting,61110,3599,924.18,35
CMP-0632,2023-11-12,LinkedIn,Q1_Launch,92874,273,937.31,487
CMP-0633,2023-01-03,LinkedIn,Summer_Promo,40749,3943,802.65,266
CMP-0634,2023-04-02,Google Ads,Summer_Promo,46730,2212,440.52,418
CMP-0635,2023-04-26,Facebook,Summer_Promo,40198,3220,987.44,114
CMP-0636,2023-01-15,LinkedIn,Q1_Launch,35368,2183,552.17,47
CMP-0637,2023-09-26,LinkedIn,Q1_Launch,78802,367,414.3,104
CMP-0638,2023-11-21,LinkedIn,Retargeting,69199,2405,108.07,241
CMP-0639,2023-12-10,Email,Black_Friday,67986,3924,998.84,5
CMP-0640,2023-01-14,Email,Retargeting,70807,4355,618.51,80
CMP-0641,2023-05-27,Facebook,Summer_Promo,79243,3207,545.97,477
CMP-0642,2023-01-05,Facebook,Retargeting,65836,4809,343.47,238
CMP-0643,2023-05-31,Facebook,Summer_Promo,73434,592,403.41,477
CMP-0644,2023-09-21,Google Ads,Retargeting,48204,4955,639.68,384
CMP-0645,2023-08-23,Facebook,Q1_Launch,38430,1759,985.94,221
CMP-0646,2023-09-16,Email,Black_Friday,59812,824,981.21,22
CMP-0647,2023-03-25,Email,Q1_Launch,76646,4316,570.81,219
CMP-0648,2023-10-03,Email,Black_Friday,57501,3305,629.5,102
CMP-0649,2023-07-16,Facebook,Retargeting,11099,1346,787.15,383
CMP-0650,2023-12-30,Facebook,Retargeting,92340,793,260.34,362
CMP-0651,2023-09-10,Facebook,Q1_Launch,28838,1516,472.87,184
CMP-0652,2023-03-31,Facebook,Q1_Launch,22187,323,982.96,34
CMP-0653,2023-05-25,Email,Q1_Launch,47369,4618,904.36,63
CMP-0654,2023-05-10,Facebook,Retargeting,81919,81,829.01,448
CMP-0655,2023-09-01,Email,Retargeting,10612,3732,779.77,75
CMP-0656,2023-01-03,Facebook,Summer_Promo,1978,4429,193.46,435
CMP-0657,2023-03-15,Facebook,Q1_Launch,16691,3008,341.56,338
CMP-0658,2023-04-12,Facebook,Black_Friday,17677,2833,982.98,3
CMP-0659,2023-01-25,Facebook,Summer_Promo,13446,4663,82.68,87
CMP-0660,2023-03-26,Facebook,Q1_Launch,57505,2900,859.33,7
CMP-0661,2023-05-26,Google Ads,Retargeting,57537,3910,45.34,421
CMP-0662,2023-10-05,Facebook,Black_Friday,14500,4899,999.98,185
CMP-0663,2023-08-22,Email,Retargeting,65203,768,53.79,93
CMP-0664,2023-02-14,Google Ads,Black_Friday,39290,76,864.13,481
CMP-0665,2023-10-22,LinkedIn,Summer_Promo,18150,382,393.43,497
CMP-0666,2023-10-16,Google Ads,Summer_Promo,97370,2240,693.46,403
CMP-0667,2023-05-14,Facebook,Q1_Launch,98543,1278,272.36,414
CMP-0668,2023-10-03,Email,Q1_Launch,55689,3079,95.12,490
CMP-0669,2023-09-08,Google Ads,Summer_Promo,67831,3501,944.5,136
CMP-0670,2023-11-29,Email,Retargeting,22432,3782,406.3,239
CMP-0671,2023-01-22,Google Ads,Retargeting,41988,3438,993.8,63
CMP-0672,2023-05-29,Email,Q1_Launch,3874,891,673.13,365
CMP-0673,2023-11-07,LinkedIn,Summer_Promo,49355,4567,556.01,478
CMP-0674,2023-08-16,Facebook,Black_Friday,2687,4475,396.73,67
CMP-0675,2023-05-07,Email,Black_Friday,62388,0,694.19,148
CMP-0676,2023-03-25,Google Ads,Retargeting,46247,208,712.12,40
CMP-0677,2023-07-03,Facebook,Q1_Launch,16064,1227,210.93,193
CMP-0678,2023-09-08,LinkedIn,Q1_Launch,11992,4822,399.77,137
CMP-0679,2023-04-16,Email,Summer_Promo,58695,1348,942.39,320
CMP-0680,2023-04-14,Facebook,Black_Friday,12995,576,455.16,184
CMP-0681,2023-01-12,Email,Black_Friday,55900,3683,382.79,3
CMP-0682,2023-10-30,LinkedIn,Black_Friday,12440,3290,545.89,8
CMP-0683,2023-06-17,Google Ads,Q1_Launch,30294,3626,781.66,111
CMP-0684,2023-12-15,Email,Black_Friday,19249,3401,483.05,80
CMP-0685,2023-10-18,Facebook,Summer_Promo,12424,3945,480.13,473
CMP-0686,2023-02-24,Facebook,Black_Friday,75969,1609,932.01,281
CMP-0687,2023-04-12,LinkedIn,Q1_Launch,19197,3927,388.28,482
CMP-0688,2023-01-12,Google Ads,Q1_Launch,37185,4273,119.24,193
CMP-0689,2023-07-10,LinkedIn,Q1_Launch,36033,3053,545.0,23
CMP-0690,2023-01-12,Facebook,Q1_Launch,28205,1921,87.07,51
CMP-0691,2023-06-10,Google Ads,Summer_Promo,25692,819,861.74,489
CMP-0692,2023-02-10,LinkedIn,Q1_Launch,84017,1503,471.57,170
CMP-0693,2023-12-24,Email,Summer_Promo,99817,4070,154.43,456
CMP-0694,2023-01-28,Google Ads,Black_Friday,93913,4206,177.33,30
CMP-0695,2023-10-14,Facebook,Black_Friday,93740,1858,233.59,74
CMP-0696,2023-08-09,Email,Retargeting,4478,2869,847.89,477
CMP-0697,2023-04-24,Email,Q1_Launch,24563,3919,620.17,31
CMP-0698,2023-03-28,Facebook,Retargeting,88933,2990,620.81,446
CMP-0699,2023-07-22,Facebook,Q1_Launch,23897,1506,424.04,175
CMP-0700,2023-01-18,Facebook,Retargeting,30332,2551,893.55,142
CMP-0701,2023-03-11,LinkedIn,Summer_Promo,31593,409,208.75,492
CMP-0702,2023-08-02,LinkedIn,Retargeting,90717,2058,191.83,429
CMP-0703,2023-09-18,Facebook,Retargeting,92765,4303,437.26,126
CMP-0704,2023-05-14,Facebook,Q1_Launch,21696,4804,732.81,237
CMP-0705,2023-06-27,Email,Q1_Launch,88188,1836,487.32,29
CMP-0706,2023-01-30,Facebook,Q1_Launch,52443,869,47.15,207
CMP-0707,2023-06-19,Facebook,Retargeting,2536,3815,503.32,0
CMP-0708,2023-02-08,LinkedIn,Q1_Launch,3080,3561,940.22,2
CMP-0709,2023-06-23,LinkedIn,Retargeting,6148,340,527.26,156
CMP-0710,2023-01-11,Google Ads,Summer_Promo,79331,2604,820.04,468
CMP-0711,2023-11-25,LinkedIn,Retargeting,27594,3985,376.88,277
CMP-0712,2023-07-28,Google Ads,Retargeting,82963,1389,732.0,23
CMP-0713,2023-03-23,Email,Q1_Launch,1202,4713,909.39,108
CMP-0714,2023-09-03,Facebook,Black_Friday,79683,3595,352.3,69
CMP-0715,2023-05-29,Google Ads,Black_Friday,2979,815,62.52,176
CMP-0716,2023-10-22,Google Ads,Black_Friday,81214,1585,968.99,334
CMP-0717,2023-04-05,Email,Black_Friday,90625,3989,503.54,195
CMP-0718,2023-09-13,Email,Retargeting,20118,320,23.38,368
CMP-0719,2023-11-02,Facebook,Retargeting,84686,3566,346.2,179
CMP-0720,2023-06-04,Email,Retargeting,97423,115,801.88,48
CMP-0721,2023-12-11,Email,Black_Friday,74456,4804,783.68,372
CMP-0722,2023-10-05,Email,Retargeting,37178,1935,695.68,18
CMP-0723,2023-10-22,Google Ads,Retargeting,80888,3878,976.75,473
CMP-0724,2023-11-05,LinkedIn,Retargeting,70446,4992,903.89,118
CMP-0725,2023-10-03,Google Ads,Summer_Promo,65859,2962,560.58,376
CMP-0726,2023-03-19,LinkedIn,Q1_Launch,69742,938,40.5,441
CMP-0727,2023-05-05,Google Ads,Black_Friday,74528,3956,907.34,151
CMP-0728,2023-01-06,LinkedIn,Black_Friday,58277,1641,84.2,301
CMP-0729,2023-03-12,Email,Retargeting,60923,2890,175.29,129
CMP-0730,2023-06-05,Email,Black_Friday,89061,800,31.32,309
CMP-0731,2023-08-09,Google Ads,Retargeting,15970,4849,64.38,372
CMP-0732,2023-05-15,Email,Retargeting,64961,1976,248.01,454
CMP-0733,2023-12-28,LinkedIn,Black_Friday,83633,3876,204.96,69
CMP-0734,2023-12-20,LinkedIn,Black_Friday,96543,3425,261.0,77
CMP-0735,2023-10-07,Email,Retargeting,29635,1587,865.93,322
CMP-0736,2023-12-01,Google Ads,Black_Friday,20344,189,845.2,281
CMP-0737,2023-12-08,Email,Q1_Launch,38714,229,733.24,89
CMP-0738,2023-11-14,Facebook,Black_Friday,86244,1435,395.06,424
CMP-0739,2023-03-21,LinkedIn,Q1_Launch,54963,2870,858.69,64
CMP-0740,2023-11-07,Email,Summer_Promo,20663,2530,896.88,185
CMP-0741,2023-04-29,LinkedIn,Black_Friday,56678,4633,711.41,411
CMP-0742,2023-11-09,LinkedIn,Retargeting,63727,2094,58.0,338
CMP-0743,2023-03-06,Email,Q1_Launch,69146,770,153.92,437
CMP-0744,2023-07-04,Google Ads,Q1_Launch,28923,1043,252.82,244
CMP-0745,2023-09-13,LinkedIn,Black_Friday,87856,3115,713.04,78
CMP-0746,2023-09-01,Google Ads,Q1_Launch,37586,2866,432.7,268
CMP-0747,2023-05-11,Facebook,Black_Friday,44066,3501,565.82,363
CMP-0748,2023-03-28,Google Ads,Retargeting,51974,1311,59.86,419
CMP-0749,2023-07-25,Google Ads,Summer_Promo,34934,774,352.02,11
CMP-0750,2023-09-06,Google Ads,Black_Friday,3197,0,261.2,459
CMP-0751,2023-05-14,LinkedIn,Summer_Promo,73857,545,124.18,43
CMP-0752,2023-01-16,LinkedIn,Q1_Launch,5423,2963,932.36,471
CMP-0753,2023-05-05,Email,Summer_Promo,4776,4857,523.31,185
CMP-0754,2023-07-23,Google Ads,Black_Friday,25508,4078,456.11,67
CMP-0755,2023-11-23,Google Ads,Summer_Promo,24653,2066,536.93,172
CMP-0756,2023-08-17,LinkedIn,Summer_Promo,52565,1635,272.54,267
CMP-0757,2023-09-26,Email,Summer_Promo,67226,4458,816.08,3
CMP-0758,2023-10-05,LinkedIn,Q1_Launch,89256,2912,653.25,494
CMP-0759,2023-06-24,Email,Black_Friday,49597,1012,996.59,37
CMP-0760,2023-07-18,Google Ads,Black_Friday,12933,1997,778.39,20
CMP-0761,2023-09-11,Google Ads,Black_Friday,93171,3844,464.71,273
CMP-0762,2023-01-15,Facebook,Black_Friday,43681,3971,914.21,372
CMP-0763,2023-10-03,Google Ads,Q1_Launch,80677,459,280.31,417
CMP-0764,2023-07-27,Google Ads,Summer_Promo,9562,1081,642.36,148
CMP-0765,2023-08-24,Google Ads,Black_Friday,14391,4637,891.87,145
CMP-0766,2023-11-12,Email,Black_Friday,93864,3372,634.17,154
CMP-0767,2023-06-11,Facebook,Summer_Promo,37139,3855,830.02,86
CMP-0768,2023-10-17,LinkedIn,Retargeting,34383,3328,815.44,423
CMP-0769,2023-01-12,LinkedIn,Black_Friday,59989,2693,471.42,360
CMP-0770,2023-04-15,Email,Retargeting,78270,1541,300.26,61
CMP-0771,2023-10-27,LinkedIn,Retargeting,76439,2347,931.85,222
CMP-0772,2023-08-28,Google Ads,Summer_Promo,32232,2848,166.12,69
CMP-0773,2023-08-10,Facebook,Q1_Launch,6846,1728,381.54,185
CMP-0774,2023-04-21,LinkedIn,Summer_Promo,55169,195,996.55,282
CMP-0775,2023-07-25,Email,Black_Friday,9888,427,751.14,364
CMP-0776,2023-05-12,Facebook,Black_Friday,71211,2895,691.19,99
CMP-0777,2023-07-06,Email,Black_Friday,1050,1216,641.7,434
CMP-0778,2023-10-30,Facebook,Retargeting,86325,1376,198.88,172
CMP-0779,2023-05-17,LinkedIn,Q1_Launch,42442,1432,926.76,325
CMP-0780,2023-09-23,Google Ads,Summer_Promo,91750,446,478.33,476
CMP-0781,2023-07-11,Google Ads,Q1_Launch,96523,3404,783.37,478
CMP-0782,2023-07-07,Email,Summer_Promo,83217,1738,334.62,48
CMP-0783,2023-12-02,Google Ads,Black_Friday,49930,3932,670.74,368
CMP-0784,2023-06-11,Email,Black_Friday,35528,71,212.31,233
CMP-0785,2023-11-15,Facebook,Retargeting,55063,1276,171.63,242
CMP-0786,2023-10-09,Facebook,Black_Friday,7069,4032,647.34,292
CMP-0787,2023-08-17,Google Ads,Summer_Promo,57881,4129,380.84,51
CMP-0788,2023-02-13,Email,Black_Friday,89409,4453,784.87,18
CMP-0789,2023-10-30,Google Ads,Q1_Launch,18724,496,521.05,99
CMP-0790,2023-08-11,LinkedIn,Summer_Promo,21860,2271,586.71,196
CMP-0791,2023-11-21,Facebook,Q1_Launch,8946,3395,568.16,340
CMP-0792,2023-04-19,Google Ads,Q1_Launch,92665,2112,592.86,75
CMP-0793,2023-03-11,Google Ads,Summer_Promo,17907,4159,759.18,482
CMP-0794,2023-02-11,Facebook,Retargeting,86904,4059,462.38,490
CMP-0795,2023-05-23,Google Ads,Q1_Launch,4303,1963,285.6,79
CMP-0796,2023-05-04,Email,Black_Friday,90452,3581,808.99,335
CMP-0797,2023-01-24,Google Ads,Retargeting,46162,2859,565.43,468
CMP-0798,2023-03-22,Google Ads,Q1_Launch,78307,116,408.5,323
CMP-0799,2023-06-20,LinkedIn,Retargeting,89039,2566,52.12,97
